Files,SourceLab,Magnification,Stain,Species,Strain,md5
metestrus/200722_Thy1L1_Met.bmp,Goard,10X,H&E,Mouse,Thy1-GFP-M (Jax Stock #007788),D025C67D4F5A7F216A5759D37968F53F
metestrus/200726_Thy1L1_met.bmp,Goard,10X,H&E,Mouse,Thy1-GFP-M (Jax Stock #007788),FE75F08E311DB471320C8C95BAB94876
metestrus/200727_Thy1L1_Met.bmp,Goard,10X,H&E,Mouse,Thy1-GFP-M (Jax Stock #007788),3EFC6F6FDE0BABA439B62FFDC79245D2
metestrus/200729_Thy1R1L1_Met.bmp,Goard,10X,H&E,Mouse,Thy1-GFP-M (Jax Stock #007788),75CF44DBC6D56D3D1F36E916F523E316
metestrus/200729_WTR038_Met.bmp,Goard,10X,H&E,Mouse,Thy1-GFP-M (Jax Stock #007788),F195E963F7965CE7C35643CA855F80CC
metestrus/200730_Thy1L1_Met.bmp,Goard,10X,H&E,Mouse,Thy1-GFP-M (Jax Stock #007788),2F75C8C2DBA2CE3F327994C8E74D8198
metestrus/200730_Thy1R1L1_Met.bmp,Goard,10X,H&E,Mouse,Thy1-GFP-M (Jax Stock #007788),B42E51EC9520EAB11F126AC67C4D09C0
metestrus/200731_Thy1R1L1_Met.bmp,Goard,10X,H&E,Mouse,Thy1-GFP-M (Jax Stock #007788),11A6917A0D2D6A5C3A492A72CDB86432
metestrus/200731_WTR038_Met.bmp,Goard,10X,H&E,Mouse,Thy1-GFP-M (Jax Stock #007788),61DC52FAA90D7CCBD2218EE22D48DB24
metestrus/200801_Thy1L1_Met.bmp,Goard,10X,H&E,Mouse,Thy1-GFP-M (Jax Stock #007788),4C63217BEC52E7A17978B56073FB3221
metestrus/200801_Thy1R1L1_Met.bmp,Goard,10X,H&E,Mouse,Thy1-GFP-M (Jax Stock #007788),E591AF60B59C434746B54522CBD8CA87
metestrus/200801_WTR038_Met.bmp,Goard,10X,H&E,Mouse,Thy1-GFP-M (Jax Stock #007788),B31CE51A9CF017457234C8C62EED5FE3
metestrus/200802_WTR038_Met.bmp,Goard,10X,H&E,Mouse,Thy1-GFP-M (Jax Stock #007788),B96630AED57BEA99246E9EA5452DBE5B
metestrus/200803_Thy1L1_Met.bmp,Goard,10X,H&E,Mouse,Thy1-GFP-M (Jax Stock #007788),774336BA5FF704C617718CB100728FF7
metestrus/200803_WTR038_Met.bmp,Goard,10X,H&E,Mouse,Thy1-GFP-M (Jax Stock #007788),CE3A888FB63038EB50B8339E08AE3C2F
metestrus/200804_Thy1L1_Met.bmp,Goard,10X,H&E,Mouse,Thy1-GFP-M (Jax Stock #007788),D541F357E121DE4454DCE6B451DA6588
metestrus/200805_Thy1R1L1_Met.bmp,Goard,10X,H&E,Mouse,Thy1-GFP-M (Jax Stock #007788),AC9DE3A9B2F60E86E4393D605A6F9B26
metestrus/200805_WTR038_Met.bmp,Goard,10X,H&E,Mouse,Thy1-GFP-M (Jax Stock #007788),9C1633DBC4A95084C9B1897B82CD67AA
metestrus/200806_Thy1R1_Met.bmp,Goard,10X,H&E,Mouse,Thy1-GFP-M (Jax Stock #007788),29B43722133CC4212F5715A9E0CD65AF
metestrus/200807_Thy1L1_Met.bmp,Goard,10X,H&E,Mouse,Thy1-GFP-M (Jax Stock #007788),20603816470D0ED336445F105870B435
metestrus/200807_Thy1R1L1_Met.bmp,Goard,10X,H&E,Mouse,Thy1-GFP-M (Jax Stock #007788),04B4BE0AB00BB79EDDF09E4239D6B01D
metestrus/200807_WTR017_Met.bmp,Goard,10X,H&E,Mouse,Thy1-GFP-M (Jax Stock #007788),911CB4966F31AE4556DC985C7C82C310
metestrus/200808_Thy1R1_Met.bmp,Goard,10X,H&E,Mouse,Thy1-GFP-M (Jax Stock #007788),3085609C40C1E4E47BCB4CBCCAEA71CC
metestrus/200808_WTR017_Met.bmp,Goard,10X,H&E,Mouse,Thy1-GFP-M (Jax Stock #007788),39DA51BEA7E02246EC4798CA9726775B
metestrus/200808_WTR038_Met.bmp,Goard,10X,H&E,Mouse,Thy1-GFP-M (Jax Stock #007788),19A9DDD35F8C89C224DF635B933D4525
metestrus/200809_Thy1L1_Met.bmp,Goard,10X,H&E,Mouse,Thy1-GFP-M (Jax Stock #007788),D6FA92E1B42E7A257325BCA42C03B72A
metestrus/200809_Thy1R1_Met.bmp,Goard,10X,H&E,Mouse,Thy1-GFP-M (Jax Stock #007788),EAFD0EAE49707CD6C446F725897D148A
metestrus/200809_WTR038_Met.bmp,Goard,10X,H&E,Mouse,Thy1-GFP-M (Jax Stock #007788),5A3167DA6F8455AC850A072CAB89CA08
metestrus/200810_WTR038_Met.bmp,Goard,10X,H&E,Mouse,Thy1-GFP-M (Jax Stock #007788),76C63199283B8B1C3719FABC1997B917
metestrus/200811_WTR017_Met.bmp,Goard,10X,H&E,Mouse,Thy1-GFP-M (Jax Stock #007788),AC847E5EE00BE4739E3D1E2C76A871BB
metestrus/200811_WTR038_Met.bmp,Goard,10X,H&E,Mouse,Thy1-GFP-M (Jax Stock #007788),1D7E0EF9F5777C774AA79017D4CE8E79
metestrus/200812_Thy1L1_Met.bmp,Goard,10X,H&E,Mouse,Thy1-GFP-M (Jax Stock #007788),2002EF04B17969229CCE6A1063874397
metestrus/200814_Thy1L1_Met.bmp,Goard,10X,H&E,Mouse,Thy1-GFP-M (Jax Stock #007788),D8B09B939D79346DD1A97CA86C043CF3
metestrus/200814_Thy1R1_Met.bmp,Goard,10X,H&E,Mouse,Thy1-GFP-M (Jax Stock #007788),FB66C7E413F46C1293B33AE0208C6B1E
metestrus/200814_WTR017_Met.bmp,Goard,10X,H&E,Mouse,Thy1-GFP-M (Jax Stock #007788),DBE65D9AE21C265A437FAC1288139593
metestrus/200814_WTR029_Met.bmp,Goard,10X,H&E,Mouse,Thy1-GFP-M (Jax Stock #007788),8E349B84515F346C4342D9CD65DC032B
metestrus/200815_Thy1R1L1_Met.bmp,Goard,10X,H&E,Mouse,Thy1-GFP-M (Jax Stock #007788),D00C8913CB106F63B21904A338BAD60F
metestrus/200816_WTR017_Met.bmp,Goard,10X,H&E,Mouse,Thy1-GFP-M (Jax Stock #007788),27E68BFB8A41241DAF3FEBAB56C7123C
metestrus/200817_Thy1L1_Met.bmp,Goard,10X,H&E,Mouse,Thy1-GFP-M (Jax Stock #007788),E4BC65CA9A7E798ACFD2248308FBC0C8
metestrus/200817_WTR017_Met.bmp,Goard,10X,H&E,Mouse,Thy1-GFP-M (Jax Stock #007788),3E2C03173C959330CA32EA7A212CC175
metestrus/200818_Thy1R1L1_Met.bmp,Goard,10X,H&E,Mouse,Thy1-GFP-M (Jax Stock #007788),F1EA2FC5C0CB6F37A2C6AE8D98AA3BEA
metestrus/200818_Thy1R1_Met.bmp,Goard,10X,H&E,Mouse,Thy1-GFP-M (Jax Stock #007788),ABAA5B03E5A85D705FC5F2B2A0CF3C38
metestrus/200818_WTR017_Met.bmp,Goard,10X,H&E,Mouse,Thy1-GFP-M (Jax Stock #007788),DF9C30AE17CE01CD10524DBA0BDD9AE8
metestrus/200819_NSW004_Met.bmp,Goard,10X,H&E,Mouse,Thy1-GFP-M (Jax Stock #007788),0E38F644B0CF544A83E3726BD8F4793F
metestrus/200819_Thy1R1_Met.bmp,Goard,10X,H&E,Mouse,Thy1-GFP-M (Jax Stock #007788),FC46546AAED69175DEDBE1E8249ED0E9
metestrus/200820_NSW003_Met.bmp,Goard,10X,H&E,Mouse,Thy1-GFP-M (Jax Stock #007788),408BC65FDBEC6D7364D1C0C0312D21CD
metestrus/200820_WTR017_Met.bmp,Goard,10X,H&E,Mouse,Thy1-GFP-M (Jax Stock #007788),919D91CE0E3911A43EC580731594C1F2
metestrus/200821_NSW004_Met.bmp,Goard,10X,H&E,Mouse,Thy1-GFP-M (Jax Stock #007788),DF7A72189BD71CE27495745AFB7816EC
metestrus/200821_Thy1L1_Met.bmp,Goard,10X,H&E,Mouse,Thy1-GFP-M (Jax Stock #007788),87F96242F7EFD1862F7D048ACC9C5D2F
metestrus/200821_WTR017_Met.bmp,Goard,10X,H&E,Mouse,Thy1-GFP-M (Jax Stock #007788),900CB8AC427B0D7BA28AAEEFCA60EED3
metestrus/200822_NSW003_Met.bmp,Goard,10X,H&E,Mouse,Thy1-GFP-M (Jax Stock #007788),3A8133B6C2C1FF0DC0E37584692E7F82
metestrus/200822_Thy1R1L1_Met.bmp,Goard,10X,H&E,Mouse,Thy1-GFP-M (Jax Stock #007788),0402422C91E55184E953F4E712C3CA13
metestrus/200823_WTR029_Met.bmp,Goard,10X,H&E,Mouse,Thy1-GFP-M (Jax Stock #007788),78DC6A57712555A0BE7C5F23178418E1
metestrus/200824_NSW004_Met.bmp,Goard,10X,H&E,Mouse,Thy1-GFP-M (Jax Stock #007788),EDEF28B4A24F6952A506E154F9004B40
metestrus/200824_Thy1L1_Met.bmp,Goard,10X,H&E,Mouse,Thy1-GFP-M (Jax Stock #007788),F0014258A9D83C219F2883170788FA43
metestrus/200824_Thy1R1_Met.bmp,Goard,10X,H&E,Mouse,Thy1-GFP-M (Jax Stock #007788),9C954A042B850F5BD6F39AB38FBEDA98
metestrus/200824_WTR029_Met.bmp,Goard,10X,H&E,Mouse,Thy1-GFP-M (Jax Stock #007788),61757E1F322F028A49A014477184CE8F
metestrus/200826_NSW003_Met.bmp,Goard,10X,H&E,Mouse,Thy1-GFP-M (Jax Stock #007788),6301854768D61D9B67A0BBDCD83DB757
metestrus/200827_WTR038_Met.bmp,Goard,10X,H&E,Mouse,Thy1-GFP-M (Jax Stock #007788),C08E4A6E57F042225F4CF0E83EE633F5
metestrus/200828_NSW004_Met.bmp,Goard,10X,H&E,Mouse,Thy1-GFP-M (Jax Stock #007788),7101CA73B3B4C99F0B39EA1E90024D02
metestrus/200828_Thy1L1_Met.bmp,Goard,10X,H&E,Mouse,Thy1-GFP-M (Jax Stock #007788),1FFCC07043BD0EA6D323F6914669D90F
metestrus/200828_Thy1R1L1_Met.bmp,Goard,10X,H&E,Mouse,Thy1-GFP-M (Jax Stock #007788),44D7A6A6766A9D161C4B8FA04400E211
metestrus/200828_WTR017_Met.bmp,Goard,10X,H&E,Mouse,Thy1-GFP-M (Jax Stock #007788),7604335C65AC47F1D88870D9F8BD70CF
metestrus/200828_WTR038_Met.bmp,Goard,10X,H&E,Mouse,Thy1-GFP-M (Jax Stock #007788),D1516FC9C49236AD9E9478EA03CDA43B
metestrus/200829_Thy1L1_Met.bmp,Goard,10X,H&E,Mouse,Thy1-GFP-M (Jax Stock #007788),B449E56AF7E57727F1F4F5413AAE6906
metestrus/200830_NSW004_Met.bmp,Goard,10X,H&E,Mouse,Thy1-GFP-M (Jax Stock #007788),33944C0AD912C48F2C5CB604F28DE430
metestrus/200830_WTR017_Met.bmp,Goard,10X,H&E,Mouse,Thy1-GFP-M (Jax Stock #007788),3DC2079B4F809F1C2866FF2E59E30A60
metestrus/200831_NSW003_Met.bmp,Goard,10X,H&E,Mouse,Thy1-GFP-M (Jax Stock #007788),DFF9DDDCD5A3C02C76227FE017A8E91A
metestrus/200831_Thy1L1_Met.bmp,Goard,10X,H&E,Mouse,Thy1-GFP-M (Jax Stock #007788),BD6C4BDE43F8FEE1072ED46D723AD0CD
metestrus/200831_WTR038_Met.bmp,Goard,10X,H&E,Mouse,Thy1-GFP-M (Jax Stock #007788),8FB9673C94F14F53A6BF683E5955C8A3
metestrus/200901_WTR038_Met.bmp,Goard,10X,H&E,Mouse,Thy1-GFP-M (Jax Stock #007788),8CEA866EAE3FD3624896050F24FB3FF4
metestrus/200902_NSW004_Met.bmp,Goard,10X,H&E,Mouse,Thy1-GFP-M (Jax Stock #007788),0CE9C52EB3253810A0BEADFAAE92F95A
metestrus/200902_WTR017_Met.bmp,Goard,10X,H&E,Mouse,Thy1-GFP-M (Jax Stock #007788),6B0AF4D55318CDBB74167985C923F38F
metestrus/200903_Thy1R1L1_Met.bmp,Goard,10X,H&E,Mouse,Thy1-GFP-M (Jax Stock #007788),4091EC563A7F2EC5CC3A5CF4B160EC76
metestrus/200904_NSW004_Met.bmp,Goard,10X,H&E,Mouse,Thy1-GFP-M (Jax Stock #007788),25EBD64CA1817B08473B8E03ADB368C7
metestrus/200904_WTR038_Met.bmp,Goard,10X,H&E,Mouse,Thy1-GFP-M (Jax Stock #007788),9B36E02A0146B5C443340EECABB8A1FF
metestrus/200905_WTR038_Met.bmp,Goard,10X,H&E,Mouse,Thy1-GFP-M (Jax Stock #007788),A6FDED3350D5A7A3911ED1610A836A0E
metestrus/200905_WTR045_Met.bmp,Goard,10X,H&E,Mouse,Thy1-GFP-M (Jax Stock #007788),87D791C3B5AF31AC751B54AFBDD66FFF
metestrus/200906_NSW003_Met.bmp,Goard,10X,H&E,Mouse,Thy1-GFP-M (Jax Stock #007788),A469304DABE39B4D2804E92CBB8F99F0
metestrus/200906_NSW004_Met.bmp,Goard,10X,H&E,Mouse,Thy1-GFP-M (Jax Stock #007788),7BA15C7636EEFB50CBC0F19614241FA0
metestrus/200907_NSW003_Met.bmp,Goard,10X,H&E,Mouse,Thy1-GFP-M (Jax Stock #007788),F80A872D29A73B65401B76F86F2D2070
metestrus/200907_WTR029_Met.bmp,Goard,10X,H&E,Mouse,Thy1-GFP-M (Jax Stock #007788),DA38D3A920FD5E0C8B7BCD9FC9633FEB
metestrus/200908_NSW004_Met.bmp,Goard,10X,H&E,Mouse,Thy1-GFP-M (Jax Stock #007788),E97349433E4BF9B82DFECC1B719F37BE
metestrus/200908_WTR038_Met.bmp,Goard,10X,H&E,Mouse,Thy1-GFP-M (Jax Stock #007788),E6B3540D75426FE027377460FB579881
metestrus/200909_NSW004_Met.bmp,Goard,10X,H&E,Mouse,Thy1-GFP-M (Jax Stock #007788),700D1FB1E9599FEFBF57F15866261E6A
metestrus/200909_WTR038_Met.bmp,Goard,10X,H&E,Mouse,Thy1-GFP-M (Jax Stock #007788),0D754B596BB26307785A00F32693BFF5
metestrus/200909_WTR045_Met.bmp,Goard,10X,H&E,Mouse,Thy1-GFP-M (Jax Stock #007788),F97CF09EF0A723B90D1576968950F75C
metestrus/200910_NSW003_Met.bmp,Goard,10X,H&E,Mouse,Thy1-GFP-M (Jax Stock #007788),9BAA62D31507B78357AF918DF2969C8C
metestrus/200910_NSW004_Met.bmp,Goard,10X,H&E,Mouse,Thy1-GFP-M (Jax Stock #007788),3521B53606E5D2785A875D78EB0064D4
metestrus/200910_Thy1R1L1_Met.bmp,Goard,10X,H&E,Mouse,Thy1-GFP-M (Jax Stock #007788),28905B87699085EBBE241A1E0FC0A93A
metestrus/200910_WTR029_Met.bmp,Goard,10X,H&E,Mouse,Thy1-GFP-M (Jax Stock #007788),946239F7CDA8EBBCD6711193926FF15F
metestrus/200911_WTR038_Met.bmp,Goard,10X,H&E,Mouse,Thy1-GFP-M (Jax Stock #007788),B17E000730A10879A3FE308E6908C299
metestrus/200911_WTR045_Met.bmp,Goard,10X,H&E,Mouse,Thy1-GFP-M (Jax Stock #007788),D3D7A111CC77F3ECB8977508CD1A380B
metestrus/200912_NSW003_Met.bmp,Goard,10X,H&E,Mouse,Thy1-GFP-M (Jax Stock #007788),615DBEF2D4E5CF737C447B0A0D166696
metestrus/200913_WTR038_Met.bmp,Goard,10X,H&E,Mouse,Thy1-GFP-M (Jax Stock #007788),3364763514C5D3C35E676F3B93B11435
metestrus/200913_WTR041_Met.bmp,Goard,10X,H&E,Mouse,Thy1-GFP-M (Jax Stock #007788),A3653041FA1B450A8F16BB7F78C93C53
metestrus/200913_WTR042_Met.bmp,Goard,10X,H&E,Mouse,Thy1-GFP-M (Jax Stock #007788),17914DFD53C46C64420D5345F7F917B3
metestrus/200914_NSW004_Met.bmp,Goard,10X,H&E,Mouse,Thy1-GFP-M (Jax Stock #007788),2F5A1B5DB45A88222D926ABD791BF1CE
metestrus/200915_NSW003_Met.bmp,Goard,10X,H&E,Mouse,Thy1-GFP-M (Jax Stock #007788),5ED1DFF2C471094B810BC7DD5301384E
metestrus/200915_WTR038_Met.bmp,Goard,10X,H&E,Mouse,Thy1-GFP-M (Jax Stock #007788),523740D2AA78DB5394A56A12140BE2F9
metestrus/200916_NSW004_Met.bmp,Goard,10X,H&E,Mouse,Thy1-GFP-M (Jax Stock #007788),04451F73BDD5190782AAABAADF552D78
metestrus/200916_WTR029_Met.bmp,Goard,10X,H&E,Mouse,Thy1-GFP-M (Jax Stock #007788),2D55D5B959E4D4B3B68A6CC0F9A08CED
metestrus/200916_WTR038_Met.bmp,Goard,10X,H&E,Mouse,Thy1-GFP-M (Jax Stock #007788),D06CCACE631255C73E10B107262D0DC0
metestrus/200917_NSW004_Met.bmp,Goard,10X,H&E,Mouse,Thy1-GFP-M (Jax Stock #007788),7C4F4469343C73E4FEA72211B0EAAB2F
metestrus/200917_WTR042_Met.bmp,Goard,10X,H&E,Mouse,Thy1-GFP-M (Jax Stock #007788),9022903A5B20102C1B9C65EE1C105B81
metestrus/200918_NSW003_Met.bmp,Goard,10X,H&E,Mouse,Thy1-GFP-M (Jax Stock #007788),EC0DC444D6B66AFB2092608E37B330B1
metestrus/200919_NSW004_Met.bmp,Goard,10X,H&E,Mouse,Thy1-GFP-M (Jax Stock #007788),B0A101FF704A6B589614DECA5DCDA474
metestrus/200920_WTR038_Met.bmp,Goard,10X,H&E,Mouse,Thy1-GFP-M (Jax Stock #007788),E0C22126A78C7A4CAA211CE6D61FD28A
metestrus/200920_WTR041_Met.bmp,Goard,10X,H&E,Mouse,Thy1-GFP-M (Jax Stock #007788),039878000E9B7D009B8FDE792D297862
metestrus/200921_WTR017_Met.bmp,Goard,10X,H&E,Mouse,Thy1-GFP-M (Jax Stock #007788),FEAD2DD8DF3409A56E9B6BFB42AAB008
metestrus/200921_WTR041_Met.bmp,Goard,10X,H&E,Mouse,Thy1-GFP-M (Jax Stock #007788),2BEB7F50E15DCA282558E5159220C7E9
metestrus/200921_WTR045_Met.bmp,Goard,10X,H&E,Mouse,Thy1-GFP-M (Jax Stock #007788),539ACFEEFE1D883C596903B350BC957B
metestrus/200922_WTR038_Met.bmp,Goard,10X,H&E,Mouse,Thy1-GFP-M (Jax Stock #007788),C9329AA5ADA9F61D978487E1A9B15F46
metestrus/200923_WTR017_Met.bmp,Goard,10X,H&E,Mouse,Thy1-GFP-M (Jax Stock #007788),6DEF736DF29E01A23FCF2F08F972B992
metestrus/200923_WTR042_Met.bmp,Goard,10X,H&E,Mouse,Thy1-GFP-M (Jax Stock #007788),D7CC14FA4F0434F39B6609DD91842C81
metestrus/200924_NSW003_Met.bmp,Goard,10X,H&E,Mouse,Thy1-GFP-M (Jax Stock #007788),2AECAD3996464C69DDA4BB5B95EE4D4B
metestrus/200924_WTR038_Met.bmp,Goard,10X,H&E,Mouse,Thy1-GFP-M (Jax Stock #007788),E3F6ADB0714B12A30A38B6DE57149453
metestrus/200924_WTR045_Met.bmp,Goard,10X,H&E,Mouse,Thy1-GFP-M (Jax Stock #007788),575E57B1990DD2E0FCF7BDDF3BB2C87C
metestrus/200925_NSW004_Met.bmp,Goard,10X,H&E,Mouse,Thy1-GFP-M (Jax Stock #007788),06092965A7303F31791A4EC550F87197
metestrus/200926_NSW004_Met.bmp,Goard,10X,H&E,Mouse,Thy1-GFP-M (Jax Stock #007788),9BE95BCB28F1211FF8F8C2B17271D353
metestrus/200927_NSW003_Met.bmp,Goard,10X,H&E,Mouse,Thy1-GFP-M (Jax Stock #007788),51834BA05E11C59E9E8C5EB15E909954
metestrus/200928_WTR038_Met.bmp,Goard,10X,H&E,Mouse,Thy1-GFP-M (Jax Stock #007788),6A00683425234AFFC6EBAD651CE5E734
metestrus/200928_WTR041_Met.bmp,Goard,10X,H&E,Mouse,Thy1-GFP-M (Jax Stock #007788),DF340A86D8FB915F47100DECCCAB736C
metestrus/200930_WTR017_Met.bmp,Goard,10X,H&E,Mouse,Thy1-GFP-M (Jax Stock #007788),FA148D668519AD0C69C1AC0955156ACB
metestrus/201004_WTR041_Met.bmp,Goard,10X,H&E,Mouse,Thy1-GFP-M (Jax Stock #007788),6B2DDD3CF9CF72F1CC6FC818205E5EA8
metestrus/201005_WTR038_Met.bmp,Goard,10X,H&E,Mouse,Thy1-GFP-M (Jax Stock #007788),5789C0063B0F68A7E4F3D58771B68D69
metestrus/201006_WTR042_Met.bmp,Goard,10X,H&E,Mouse,Thy1-GFP-M (Jax Stock #007788),CAA1593401DCE6B827AC73F92CC2566E
metestrus/201007PM_NSW003_Met.bmp,Goard,10X,H&E,Mouse,Thy1-GFP-M (Jax Stock #007788),CE58F9F083ECF371A8AC5F8DDDDE81A3
metestrus/201007PM_NSW004_Met.bmp,Goard,10X,H&E,Mouse,Thy1-GFP-M (Jax Stock #007788),660D1ED3CC3445025F2AE84FB98AD41E
metestrus/201007PM_WTR038_Met.bmp,Goard,10X,H&E,Mouse,Thy1-GFP-M (Jax Stock #007788),FB4B74A6DB92AB415EE0AB04EEA592E8
metestrus/201007_NSW003_Met.bmp,Goard,10X,H&E,Mouse,Thy1-GFP-M (Jax Stock #007788),D3577AA180800257F102182F90CF4391
metestrus/201007_NSW004_Met.bmp,Goard,10X,H&E,Mouse,Thy1-GFP-M (Jax Stock #007788),97E55C4A641D0C0884C6EF896ECE4139
metestrus/201007_WTR038_Met.bmp,Goard,10X,H&E,Mouse,Thy1-GFP-M (Jax Stock #007788),F5ED88E78AC0EC096C66A7B1DB7A5824
metestrus/201008PM_NSW004_Met.bmp,Goard,10X,H&E,Mouse,Thy1-GFP-M (Jax Stock #007788),2CFAB32465A787BA0E1EBC028B28D90F
metestrus/201008PM_WTR038_Met.bmp,Goard,10X,H&E,Mouse,Thy1-GFP-M (Jax Stock #007788),A63A919BF4EC4224677B872D2E3B9383
metestrus/201008_NSW004_Met.bmp,Goard,10X,H&E,Mouse,Thy1-GFP-M (Jax Stock #007788),2166880784E25032BE90FE95DA9BD168
metestrus/201008_WTR041_Met.bmp,Goard,10X,H&E,Mouse,Thy1-GFP-M (Jax Stock #007788),19C19FB8A565A1CA614EDCCCABBFB823
metestrus/201008_WTR08_Met.bmp,Goard,10X,H&E,Mouse,Thy1-GFP-M (Jax Stock #007788),C4AD5DF3B6A76B0F997983AD00D4F1FF
metestrus/201009_NSW04_Met.bmp,Goard,10X,H&E,Mouse,Thy1-GFP-M (Jax Stock #007788),7B192F9446709F0C332F01F5EC0A4F65
metestrus/201010PM_WTR038_Met.bmp,Goard,10X,H&E,Mouse,Thy1-GFP-M (Jax Stock #007788),C4321CF934403619AABC7386C1EA96F2
metestrus/201010_WTR038_Met.bmp,Goard,10X,H&E,Mouse,Thy1-GFP-M (Jax Stock #007788),731C1E29E15F7C62AB6A3B153FA37FFC
metestrus/201011PM_NSW004_Met.bmp,Goard,10X,H&E,Mouse,Thy1-GFP-M (Jax Stock #007788),8808439F183ED345FB3D4850D4AB0795
metestrus/201011_NSW004_Met.bmp,Goard,10X,H&E,Mouse,Thy1-GFP-M (Jax Stock #007788),C1C53781EA5017F7BACDF6F404CF20B4
metestrus/201011_WTR038_Met.bmp,Goard,10X,H&E,Mouse,Thy1-GFP-M (Jax Stock #007788),144EFA5D35F564457D23E320993DC12C
metestrus/201012PM_WTR038_Met.bmp,Goard,10X,H&E,Mouse,Thy1-GFP-M (Jax Stock #007788),012EE867FD6C3414220867CB11D1E59A
metestrus/201012PM_WTR045_Met.bmp,Goard,10X,H&E,Mouse,Thy1-GFP-M (Jax Stock #007788),1239430278DCC73F1ACB6D612BF9219C
metestrus/201012_WTR038_Met.bmp,Goard,10X,H&E,Mouse,Thy1-GFP-M (Jax Stock #007788),58901BC2D7CE59B0A3C70B3F3338BED7
metestrus/201012_WTR041_Es_Met.bmp,Goard,10X,H&E,Mouse,Thy1-GFP-M (Jax Stock #007788),1F8A97255CB0B3836408B087E86C56CA
metestrus/201013PM_WTR038_Met.bmp,Goard,10X,H&E,Mouse,Thy1-GFP-M (Jax Stock #007788),42B73451D4881030F862A914D2C8BA4A
metestrus/201013PM_WTR041_Met.bmp,Goard,10X,H&E,Mouse,Thy1-GFP-M (Jax Stock #007788),6B7A7F7BECB804F2307C537277D7809D
metestrus/201013_NSW003_Met.bmp,Goard,10X,H&E,Mouse,Thy1-GFP-M (Jax Stock #007788),5FFF9F106F01E452EE136D0C0AF2296F
metestrus/201013_WTR038_Met.bmp,Goard,10X,H&E,Mouse,Thy1-GFP-M (Jax Stock #007788),173706A03EB3439A5803D15E814FD2AA
metestrus/201013_WTR041_Met.bmp,Goard,10X,H&E,Mouse,Thy1-GFP-M (Jax Stock #007788),BEF1E2410BF111C62B26BCD1ABC19AA2
metestrus/201015_WTR038_Met.jpg,Goard,10X,Shorr Stain,Mouse,Slc7a7-cre (Jax Stock #023527) x TITL-GCAMP6s (Jax Stock #024104),1239F39CE0BCF0CC13320E9EFDC3B8F2
metestrus/201016_WTR045_Met.jpg,Goard,10X,Shorr Stain,Mouse,Slc7a7-cre (Jax Stock #023527) x TITL-GCAMP6s (Jax Stock #024104),AE0BAE19176C978F7398CB4266D0A9BA
metestrus/201018_WTR038_Met.jpg,Goard,10X,Shorr Stain,Mouse,Slc7a7-cre (Jax Stock #023527) x TITL-GCAMP6s (Jax Stock #024104),0F790FCCE9622D8A825CC36FD911F12B
metestrus/201019_NSW003_Met.jpg,Goard,10X,Shorr Stain,Mouse,Slc7a7-cre (Jax Stock #023527) x TITL-GCAMP6s (Jax Stock #024104),74048DEE70C5284AF74E8B1D51468F50
metestrus/201019_NSW004_Met.jpg,Goard,10X,Shorr Stain,Mouse,Slc7a7-cre (Jax Stock #023527) x TITL-GCAMP6s (Jax Stock #024104),69E56061C8B5353D4487C3BF5C8D8AC4
metestrus/201021_NSW003_Met.jpg,Goard,10X,Shorr Stain,Mouse,Slc7a7-cre (Jax Stock #023527) x TITL-GCAMP6s (Jax Stock #024104),180916A16ABEDCE42B7DDBFC986B7D5E
metestrus/201021_WTR038_Met.jpg,Goard,10X,Shorr Stain,Mouse,Slc7a7-cre (Jax Stock #023527) x TITL-GCAMP6s (Jax Stock #024104),9A6BB465FD31FAD79AB8E92BB8D8C07F
metestrus/201022_WTR038_Met.jpg,Goard,10X,Shorr Stain,Mouse,Slc7a7-cre (Jax Stock #023527) x TITL-GCAMP6s (Jax Stock #024104),70B9A677E9E7664023A6184AC0E13410
metestrus/201023_NSW004_Met.jpg,Goard,10X,Shorr Stain,Mouse,Slc7a7-cre (Jax Stock #023527) x TITL-GCAMP6s (Jax Stock #024104),5E601938ECBB2A288AD8D5A52FE4A423
metestrus/201023_WTR038_Met.jpg,Goard,10X,Shorr Stain,Mouse,Slc7a7-cre (Jax Stock #023527) x TITL-GCAMP6s (Jax Stock #024104),3E5CECF51622C295C5C8D7C45AAE845D
metestrus/201023_WTR042_Met.jpg,Goard,10X,Shorr Stain,Mouse,Slc7a7-cre (Jax Stock #023527) x TITL-GCAMP6s (Jax Stock #024104),B2E746F481E412BEF9A459DB11B1C763
metestrus/201024_NSW004_Met.jpg,Goard,10X,Shorr Stain,Mouse,Slc7a7-cre (Jax Stock #023527) x TITL-GCAMP6s (Jax Stock #024104),5A5FCF379F74609985AE90ADB3FBFD70
metestrus/201024_WTR038_Met.jpg,Goard,10X,Shorr Stain,Mouse,Slc7a7-cre (Jax Stock #023527) x TITL-GCAMP6s (Jax Stock #024104),BB610AC67EE0F6CC64F1661B73C05567
metestrus/201030_WTR038_Met.jpg,Goard,10X,Shorr Stain,Mouse,Slc7a7-cre (Jax Stock #023527) x TITL-GCAMP6s (Jax Stock #024104),F322697533F1B096D5EC685E68A072DA
metestrus/201031_NSW004_Met.jpg,Goard,10X,Shorr Stain,Mouse,Slc7a7-cre (Jax Stock #023527) x TITL-GCAMP6s (Jax Stock #024104),F6E94C724557D0B64228B90D977DB8CF
metestrus/201108_NSW004_Met.jpg,Goard,10X,Shorr Stain,Mouse,Slc7a7-cre (Jax Stock #023527) x TITL-GCAMP6s (Jax Stock #024104),9BADAE46CB80B1AC5E55AB4A200A7A6E
metestrus/201109_NSW004_Met.jpg,Goard,10X,Shorr Stain,Mouse,Slc7a7-cre (Jax Stock #023527) x TITL-GCAMP6s (Jax Stock #024104),CB5B46B9B74200144A8AF21CD994FE62
metestrus/201113PM_NSW004_Met.jpg,Goard,10X,Shorr Stain,Mouse,Slc7a7-cre (Jax Stock #023527) x TITL-GCAMP6s (Jax Stock #024104),FB7C8DDDB5FD9D55B8012FC5410988AE
metestrus/201114_WTR041_Met.jpg,Goard,10X,Shorr Stain,Mouse,Slc7a7-cre (Jax Stock #023527) x TITL-GCAMP6s (Jax Stock #024104),2B5F9B3916A3C8995349D0F5C3791A33
metestrus/201125_WTR052_Met.jpg,Goard,10X,Shorr Stain,Mouse,Slc7a7-cre (Jax Stock #023527) x TITL-GCAMP6s (Jax Stock #024104),B6E68ADB4BD7906A8039049D24CA13F8
metestrus/201130PM_WTR052_Met.jpg,Goard,10X,Shorr Stain,Mouse,Slc7a7-cre (Jax Stock #023527) x TITL-GCAMP6s (Jax Stock #024104),57D2FF62156CC32D898610CF14CF920B
metestrus/201130_WTR041_Met.jpg,Goard,10X,Shorr Stain,Mouse,Slc7a7-cre (Jax Stock #023527) x TITL-GCAMP6s (Jax Stock #024104),1C974D3FE93D249F7BCC2E3CF0BCF7DE
metestrus/201201_WTR042_Met.jpg,Goard,10X,Shorr Stain,Mouse,Slc7a7-cre (Jax Stock #023527) x TITL-GCAMP6s (Jax Stock #024104),F620FCA53C3C0B62043144261E4F8DBB
metestrus/201205PM_WTR052_Met.jpg,Goard,10X,Shorr Stain,Mouse,Slc7a7-cre (Jax Stock #023527) x TITL-GCAMP6s (Jax Stock #024104),783CF623EF5401DB2BD09BAA047DFBE3
metestrus/201205_WTR052_Met.jpg,Goard,10X,Shorr Stain,Mouse,Slc7a7-cre (Jax Stock #023527) x TITL-GCAMP6s (Jax Stock #024104),3C90B0CC91C0FEFEE395D3E9E80AED96
metestrus/201206_WTR041_Met.jpg,Goard,10X,Shorr Stain,Mouse,Slc7a7-cre (Jax Stock #023527) x TITL-GCAMP6s (Jax Stock #024104),B377622BEE463C51E613A81AD53FFDE7
metestrus/201206_WTR042_Met.jpg,Goard,10X,Shorr Stain,Mouse,Slc7a7-cre (Jax Stock #023527) x TITL-GCAMP6s (Jax Stock #024104),02C4227FB6C7A98AD03FC3B4E8AC5A24
metestrus/210120_NSW036_Me_ENY.png,Goard,10X,Shorr Stain,Mouse,Slc7a7-cre (Jax Stock #023527) x TITL-GCAMP6s (Jax Stock #024104),33E549537A0226AF26D3F57E7487312C
metestrus/210124_WTR044_Met.png,Goard,10X,Shorr Stain,Mouse,Slc7a7-cre (Jax Stock #023527) x TITL-GCAMP6s (Jax Stock #024104),ED35E502CD3E999F8D3935C4A8AA4991
metestrus/210128_WTR044_Met.png,Goard,10X,Shorr Stain,Mouse,Slc7a7-cre (Jax Stock #023527) x TITL-GCAMP6s (Jax Stock #024104),334278DDA6AA58314D3E8C0A3835BBF1
metestrus/210130_WTR045_Met.png,Goard,10X,Shorr Stain,Mouse,Slc7a7-cre (Jax Stock #023527) x TITL-GCAMP6s (Jax Stock #024104),875922EEF3755F7912C649B5943161A4
metestrus/210131_WTR045_Met.png,Goard,10X,Shorr Stain,Mouse,Slc7a7-cre (Jax Stock #023527) x TITL-GCAMP6s (Jax Stock #024104),8969D3DC12D60198DD7E5A22B6ECBBB2
metestrus/210202_NSW009_Met.png,Goard,10X,Shorr Stain,Mouse,Slc7a7-cre (Jax Stock #023527) x TITL-GCAMP6s (Jax Stock #024104),A3351ED182BBB7D10FAA15098B4DF66F
metestrus/210202_WTR044_Met.png,Goard,10X,Shorr Stain,Mouse,Slc7a7-cre (Jax Stock #023527) x TITL-GCAMP6s (Jax Stock #024104),0BD6175765135032514E044BEA85EDD1
metestrus/210204_NSW009_Met.png,Goard,10X,Shorr Stain,Mouse,Slc7a7-cre (Jax Stock #023527) x TITL-GCAMP6s (Jax Stock #024104),073E31EFFE461A628D7117E272BCCAE6
metestrus/210205_NSW009_Met.png,Goard,10X,Shorr Stain,Mouse,Slc7a7-cre (Jax Stock #023527) x TITL-GCAMP6s (Jax Stock #024104),60BC2724ED4095C2BBAD877E08594EB2
metestrus/210205_WTR045_Met.png,Goard,10X,Shorr Stain,Mouse,Slc7a7-cre (Jax Stock #023527) x TITL-GCAMP6s (Jax Stock #024104),6F6216162B7F791773C6EFAA7180EE40
metestrus/210207_WTR044_Met.png,Goard,10X,Shorr Stain,Mouse,Slc7a7-cre (Jax Stock #023527) x TITL-GCAMP6s (Jax Stock #024104),2D8EFC8F240C956FF3661548B12D2AAE
metestrus/210209_NSW009_Met.png,Goard,10X,Shorr Stain,Mouse,Slc7a7-cre (Jax Stock #023527) x TITL-GCAMP6s (Jax Stock #024104),9FFE2C62C164C61E8E61B24EAD52CED1
metestrus/210211_NSW010_Met.png,Goard,10X,Shorr Stain,Mouse,Slc7a7-cre (Jax Stock #023527) x TITL-GCAMP6s (Jax Stock #024104),D26071322108FA44F7F00417929DC213
metestrus/210211_WTR045_Met.png,Goard,10X,Shorr Stain,Mouse,Slc7a7-cre (Jax Stock #023527) x TITL-GCAMP6s (Jax Stock #024104),09EEF158FF0E555A6DC5CBA0EC740BEC
metestrus/210212_WTR044_Met.png,Goard,10X,Shorr Stain,Mouse,Slc7a7-cre (Jax Stock #023527) x TITL-GCAMP6s (Jax Stock #024104),6950F3B31A57783F155B28F45E1C118E
metestrus/210212_WTR045_Met.png,Goard,10X,Shorr Stain,Mouse,Slc7a7-cre (Jax Stock #023527) x TITL-GCAMP6s (Jax Stock #024104),036AACCE565AC602776CC1FE971C8ADC
metestrus/210223_NSW009_Met.png,Goard,10X,Shorr Stain,Mouse,Slc7a7-cre (Jax Stock #023527) x TITL-GCAMP6s (Jax Stock #024104),311EF0BC30A02776DB5BD7EF498E1385
metestrus/210223_NSW010_Met.png,Goard,10X,Shorr Stain,Mouse,Slc7a7-cre (Jax Stock #023527) x TITL-GCAMP6s (Jax Stock #024104),B92EF0C49DA21C4BF7CD5F055671C950
metestrus/210226_WTR044_Met.png,Goard,10X,Shorr Stain,Mouse,Slc7a7-cre (Jax Stock #023527) x TITL-GCAMP6s (Jax Stock #024104),C8A70431A693960EB5D84C38789EC220
metestrus/210226_WTR045_Met.png,Goard,10X,Shorr Stain,Mouse,Slc7a7-cre (Jax Stock #023527) x TITL-GCAMP6s (Jax Stock #024104),3B632CC8E2833EB053496703CCF80119
metestrus/210227_WTR056_Met.png,Goard,10X,Shorr Stain,Mouse,Slc7a7-cre (Jax Stock #023527) x TITL-GCAMP6s (Jax Stock #024104),B3E4D8C960672F40A1D44414549E007B
metestrus/210228_NSW010_Met.png,Goard,10X,Shorr Stain,Mouse,Slc7a7-cre (Jax Stock #023527) x TITL-GCAMP6s (Jax Stock #024104),BC7C9E9C47D0A9190AC6E39E9BF971D8
metestrus/210228_WTR045_Met.png,Goard,10X,Shorr Stain,Mouse,Slc7a7-cre (Jax Stock #023527) x TITL-GCAMP6s (Jax Stock #024104),119BC4924C6A4184508A10151E72E771
metestrus/210302_WTR044_Met.png,Goard,10X,Shorr Stain,Mouse,Slc7a7-cre (Jax Stock #023527) x TITL-GCAMP6s (Jax Stock #024104),EC9F046F2B667B3DF9644EFA07E61A9C
metestrus/210303_WTR045_Met.png,Goard,10X,Shorr Stain,Mouse,Slc7a7-cre (Jax Stock #023527) x TITL-GCAMP6s (Jax Stock #024104),1634FF083B3AEA18AA47BDF0A6911067
metestrus/210306_WTR045_Met.png,Goard,10X,Shorr Stain,Mouse,Slc7a7-cre (Jax Stock #023527) x TITL-GCAMP6s (Jax Stock #024104),CE9E900151271218D728E23F14C465D7
metestrus/210309_WTR044_Met.png,Goard,10X,Shorr Stain,Mouse,Slc7a7-cre (Jax Stock #023527) x TITL-GCAMP6s (Jax Stock #024104),DE0D31196625F28F203E5413380FDD5E
metestrus/210309_WTR045_Met.png,Goard,10X,Shorr Stain,Mouse,Slc7a7-cre (Jax Stock #023527) x TITL-GCAMP6s (Jax Stock #024104),CCA08F6EDE91BC422A7E3E26D36131E2
metestrus/210313_WTR044_Met.png,Goard,10X,Shorr Stain,Mouse,Slc7a7-cre (Jax Stock #023527) x TITL-GCAMP6s (Jax Stock #024104),5745FA6EDC71F322209F48ED99CDABF8
metestrus/210314_WTR056_Met.png,Goard,10X,Shorr Stain,Mouse,Slc7a7-cre (Jax Stock #023527) x TITL-GCAMP6s (Jax Stock #024104),37203DBFEB017ACF2A5C41A6A55DECB1
metestrus/210401_WTR041_Met.png,Goard,10X,Shorr Stain,Mouse,Slc7a7-cre (Jax Stock #023527) x TITL-GCAMP6s (Jax Stock #024104),F9E79FC46A8FC8254B559655C7625431
metestrus/210403_NSW007_Met.png,Goard,10X,Shorr Stain,Mouse,Slc7a7-cre (Jax Stock #023527) x TITL-GCAMP6s (Jax Stock #024104),A7EAC9D7DAB50B6174908804116C1EF6
metestrus/210501_NSW012_Me_MEK.png,Goard,10X,Shorr Stain,Mouse,Slc7a7-cre (Jax Stock #023527) x TITL-GCAMP6s (Jax Stock #024104),1E5D6DDC94EAD5AEEC8895C92DE1CF4F
metestrus/210502_NSW012_Me_MEK.png,Goard,10X,Shorr Stain,Mouse,Slc7a7-cre (Jax Stock #023527) x TITL-GCAMP6s (Jax Stock #024104),2FB333AB871BA62238AAA5E2B4EAD196
metestrus/210506_NSW012_Met_MEK.png,Goard,10X,Shorr Stain,Mouse,Slc7a7-cre (Jax Stock #023527) x TITL-GCAMP6s (Jax Stock #024104),1C3AD437A736AB14975548DBAA04CB58
metestrus/210508_NSW012_Me_MEK.png,Goard,10X,Shorr Stain,Mouse,Slc7a7-cre (Jax Stock #023527) x TITL-GCAMP6s (Jax Stock #024104),3AAFA29615B9BB9CA331700CF60A8E58
metestrus/210509_NSW012_Me_MEK.png,Goard,10X,Shorr Stain,Mouse,Slc7a7-cre (Jax Stock #023527) x TITL-GCAMP6s (Jax Stock #024104),96D34DF6F088F52B3E3D732998BFFA0C
metestrus/210513_NSW012_Me_MEK.png,Goard,10X,Shorr Stain,Mouse,Slc7a7-cre (Jax Stock #023527) x TITL-GCAMP6s (Jax Stock #024104),16EE0AC2051BAC6B600570B91416A723
metestrus/210513_NSW016_Me_MEK.png,Goard,10X,Shorr Stain,Mouse,Slc7a7-cre (Jax Stock #023527) x TITL-GCAMP6s (Jax Stock #024104),47A91E12E8271899F10A2B1DEFB4BD8C
metestrus/210514_NSW012_Me_MEK.png,Goard,10X,Shorr Stain,Mouse,Slc7a7-cre (Jax Stock #023527) x TITL-GCAMP6s (Jax Stock #024104),53BDC61D972973AA09DDD195363A4CF4
metestrus/210516_NSW012_Me_MEK.png,Goard,10X,Shorr Stain,Mouse,Slc7a7-cre (Jax Stock #023527) x TITL-GCAMP6s (Jax Stock #024104),CF8F9BE530B1741A2AE05046C4F67010
metestrus/210519_NSW012_Me_MEK.png,Goard,10X,Shorr Stain,Mouse,Slc7a7-cre (Jax Stock #023527) x TITL-GCAMP6s (Jax Stock #024104),D93DED376E1B1AADC10DB78DE5CFCFD1
metestrus/210520_NSW016_Met.png,Goard,10X,Shorr Stain,Mouse,Slc7a7-cre (Jax Stock #023527) x TITL-GCAMP6s (Jax Stock #024104),40CFCEDA07EA7B7C023A306F3C8D6B0C
metestrus/210522_NSW016_Met.png,Goard,10X,Shorr Stain,Mouse,Slc7a7-cre (Jax Stock #023527) x TITL-GCAMP6s (Jax Stock #024104),6A7686F6F2AC75F4B546FD8F07027210
metestrus/210522_NSW018_Me_MEK.png,Goard,10X,Shorr Stain,Mouse,Slc7a7-cre (Jax Stock #023527) x TITL-GCAMP6s (Jax Stock #024104),0DC7D9CF4BCBB771A8E1622E321003FE
metestrus/210522_NSW018_Met.png,Goard,10X,Shorr Stain,Mouse,Slc7a7-cre (Jax Stock #023527) x TITL-GCAMP6s (Jax Stock #024104),219A2652083FE6834F98027EC0EC403D
metestrus/210524_NSW012_Me_MEK.png,Goard,10X,Shorr Stain,Mouse,Slc7a7-cre (Jax Stock #023527) x TITL-GCAMP6s (Jax Stock #024104),1B29B8A557D54C8B6C2E164874840F41
metestrus/210528_NSW012_Met.png,Goard,10X,Shorr Stain,Mouse,Slc7a7-cre (Jax Stock #023527) x TITL-GCAMP6s (Jax Stock #024104),6C75B01E0D6A7002C523B7BC0724BE24
metestrus/210528_NSW016_Met.png,Goard,10X,Shorr Stain,Mouse,Slc7a7-cre (Jax Stock #023527) x TITL-GCAMP6s (Jax Stock #024104),D73A6B7916B0B7B50CDCCF7B56628645
metestrus/210531_NSW018_Me_MEK.png,Goard,10X,Shorr Stain,Mouse,Slc7a7-cre (Jax Stock #023527) x TITL-GCAMP6s (Jax Stock #024104),55120D205283DFCF389EA0BC4CEBD6E3
metestrus/210601PM_NSW012_Me_ENY.png,Goard,10X,Shorr Stain,Mouse,Slc7a7-cre (Jax Stock #023527) x TITL-GCAMP6s (Jax Stock #024104),D32210242257393F9C3D78447282D5CD
metestrus/210601PM_NSW016_Me_ENY.png,Goard,10X,Shorr Stain,Mouse,Slc7a7-cre (Jax Stock #023527) x TITL-GCAMP6s (Jax Stock #024104),CFEF2F40FF9C22A8ACD4B9DAF7E68139
metestrus/210602PM_NSW012_Me_ENY.png,Goard,10X,Shorr Stain,Mouse,Slc7a7-cre (Jax Stock #023527) x TITL-GCAMP6s (Jax Stock #024104),AE5B606521F6916FBAC05582456DCA7A
metestrus/210602PM_NSW016_Me_ENY.png,Goard,10X,Shorr Stain,Mouse,Slc7a7-cre (Jax Stock #023527) x TITL-GCAMP6s (Jax Stock #024104),B22CEF259C4F847C7CC6DD286795D0CF
metestrus/210603PM_NSW018_Me_MEK.png,Goard,10X,Shorr Stain,Mouse,Slc7a7-cre (Jax Stock #023527) x TITL-GCAMP6s (Jax Stock #024104),0695DE2337E46F4B2DE429D6C0424CF7
metestrus/210603_NSW018_Me_MEK.png,Goard,10X,Shorr Stain,Mouse,Slc7a7-cre (Jax Stock #023527) x TITL-GCAMP6s (Jax Stock #024104),6BBCC0474D920A3EAEDDD3B697FB5DB7
metestrus/210604PM_NSW018_Me_MEK.png,Goard,10X,Shorr Stain,Mouse,Slc7a7-cre (Jax Stock #023527) x TITL-GCAMP6s (Jax Stock #024104),F3934256ED589849E94C07DE7523DDDA
metestrus/210604_NSW018_Me_MEK.png,Goard,10X,Shorr Stain,Mouse,Slc7a7-cre (Jax Stock #023527) x TITL-GCAMP6s (Jax Stock #024104),D6A46B66F532137515268E5B95F22927
metestrus/211215_NSW036_Me_ENY.png,Goard,10X,Shorr Stain,Mouse,Slc7a7-cre (Jax Stock #023527) x TITL-GCAMP6s (Jax Stock #024104),074C211C86253CB2AC7C81459C65CE36
metestrus/22-20x-2.jpg,Goard,10X,Shorr Stain,Mouse,Slc7a7-cre (Jax Stock #023527) x TITL-GCAMP6s (Jax Stock #024104),DB04AF07D0D214775AFFF43EBC99A169
metestrus/220121_NSW036_Me_ENY.png,Goard,10X,Shorr Stain,Mouse,Slc7a7-cre (Jax Stock #023527) x TITL-GCAMP6s (Jax Stock #024104),D476723EF4F19824EBC6F2B10AAA62F0
metestrus/220126_NSW030_Me_ENY.png,Goard,10X,Shorr Stain,Mouse,Slc7a7-cre (Jax Stock #023527) x TITL-GCAMP6s (Jax Stock #024104),55BE4D33B7635DB1C1CB3265B2ED42CF
metestrus/220126_NSW036_Me_ENY.png,Goard,10X,Shorr Stain,Mouse,Slc7a7-cre (Jax Stock #023527) x TITL-GCAMP6s (Jax Stock #024104),60C11DF946310F9038C3F4022869CBDC
metestrus/220127_NSW036_Me_ENY.png,Goard,10X,Shorr Stain,Mouse,Slc7a7-cre (Jax Stock #023527) x TITL-GCAMP6s (Jax Stock #024104),35B54FAE93D40A0E65322EB75E9CB361
metestrus/220128_NSW030_Me_ENY.png,Goard,10X,Shorr Stain,Mouse,Slc7a7-cre (Jax Stock #023527) x TITL-GCAMP6s (Jax Stock #024104),DDD6B446C33A6EA06B6FD2E24D027517
metestrus/220128_NSW036_Me_ENY.png,Goard,10X,Shorr Stain,Mouse,Slc7a7-cre (Jax Stock #023527) x TITL-GCAMP6s (Jax Stock #024104),F7404B1DD3A362C97D57F8850EB47B19
metestrus/220202_NSW030_Me_ENY.png,Goard,10X,Shorr Stain,Mouse,Slc7a7-cre (Jax Stock #023527) x TITL-GCAMP6s (Jax Stock #024104),9838F6C7BDF6A0A35C8DEEF33B497937
metestrus/220204_NSW030_Me_ENY.png,Goard,10X,Shorr Stain,Mouse,Slc7a7-cre (Jax Stock #023527) x TITL-GCAMP6s (Jax Stock #024104),8A26953FC0BB79BB4368090F0D97D44C
metestrus/220210_NSW030_Me_ENY.png,Goard,10X,Shorr Stain,Mouse,Slc7a7-cre (Jax Stock #023527) x TITL-GCAMP6s (Jax Stock #024104),7982609D3487065FF39EA3CA3B8D519A
metestrus/220214_NSW030_Me_ENY.png,Goard,10X,Shorr Stain,Mouse,Slc7a7-cre (Jax Stock #023527) x TITL-GCAMP6s (Jax Stock #024104),50D010354E008DDD65FC98C6198F9F60
metestrus/220216AM_NSW030_Me_ENY.png,Goard,10X,Shorr Stain,Mouse,Slc7a7-cre (Jax Stock #023527) x TITL-GCAMP6s (Jax Stock #024104),4A7703E0DBC50C692C5927812F2AB1F2
metestrus/220221AM_NSW030_Me_ENY.png,Goard,10X,Shorr Stain,Mouse,Slc7a7-cre (Jax Stock #023527) x TITL-GCAMP6s (Jax Stock #024104),469E3D691897285834EC5161319AB279
metestrus/220222_NSW030_Me_ENY.png,Goard,10X,Shorr Stain,Mouse,Slc7a7-cre (Jax Stock #023527) x TITL-GCAMP6s (Jax Stock #024104),A54243512139B42428A2023B3F966BF2
metestrus/220304_NSW030_Me_MEK.png,Goard,10X,Shorr Stain,Mouse,Slc7a7-cre (Jax Stock #023527) x TITL-GCAMP6s (Jax Stock #024104),EFBACA2BF02C2DD4B0C0E89314249D97
metestrus/220307_NSW036_Met_MEK.png,Goard,10X,Shorr Stain,Mouse,Slc7a7-cre (Jax Stock #023527) x TITL-GCAMP6s (Jax Stock #024104),257028E7270B1E77DAAB85124C5581B1
metestrus/220308_NSW036_Met_MEK.png,Goard,10X,Shorr Stain,Mouse,Slc7a7-cre (Jax Stock #023527) x TITL-GCAMP6s (Jax Stock #024104),ECDDC76BEC5EF117E8425260A3D57D25
metestrus/220311_NSW036_Met_MEK.png,Goard,10X,Shorr Stain,Mouse,Slc7a7-cre (Jax Stock #023527) x TITL-GCAMP6s (Jax Stock #024104),08719D020976AF5269D3E75C9E3E1488
metestrus/220316_NSW030_Me_ENY.png,Goard,10X,Shorr Stain,Mouse,Slc7a7-cre (Jax Stock #023527) x TITL-GCAMP6s (Jax Stock #024104),B572261F40090394B0BCD629CF345E57
metestrus/220316_NSW036_Me_ENY.png,Goard,10X,Shorr Stain,Mouse,Slc7a7-cre (Jax Stock #023527) x TITL-GCAMP6s (Jax Stock #024104),B4DFF4410A21317C15E93E734B5C1C73
metestrus/220317_NSW036_Me_ENY.png,Goard,10X,Shorr Stain,Mouse,Slc7a7-cre (Jax Stock #023527) x TITL-GCAMP6s (Jax Stock #024104),164B5554E9192C93F8C6C98CFD8A6F01
metestrus/220318_NSW030_Me_ENY.png,Goard,10X,Shorr Stain,Mouse,Slc7a7-cre (Jax Stock #023527) x TITL-GCAMP6s (Jax Stock #024104),3DC80633AE3C5CB094DDD3C592809AAB
metestrus/220318_NSW036_Me_ENY.png,Goard,10X,Shorr Stain,Mouse,Slc7a7-cre (Jax Stock #023527) x TITL-GCAMP6s (Jax Stock #024104),9F7BBFF8800ECC21F0E395FB0BF25707
metestrus/220330_NSW045_Met_SR.png,Goard,10X,Shorr Stain,Mouse,Slc7a7-cre (Jax Stock #023527) x TITL-GCAMP6s (Jax Stock #024104),129DB36EC7A399D47A8E21B840C14771
metestrus/220330_NSW048_Met_SR.png,Goard,10X,Shorr Stain,Mouse,Slc7a7-cre (Jax Stock #023527) x TITL-GCAMP6s (Jax Stock #024104),A8A907BA1E0317524B87C51404885F8A
metestrus/220330_SC_R1L1_Met_WC.png,Goard,10X,Shorr Stain,Mouse,Slc7a7-cre (Jax Stock #023527) x TITL-GCAMP6s (Jax Stock #024104),4D2AF3F2A2C8C2EC58F7871C987DC2B4
metestrus/220331_NSW048_Met_WC.png,Goard,10X,Shorr Stain,Mouse,Slc7a7-cre (Jax Stock #023527) x TITL-GCAMP6s (Jax Stock #024104),D4997755261DC2E4EA5369C828C800EF
metestrus/220401_NSW030_Met_WC.png,Goard,10X,Shorr Stain,Mouse,Slc7a7-cre (Jax Stock #023527) x TITL-GCAMP6s (Jax Stock #024104),2D34A370AFD28DB416E2D9E705AF7DAF
metestrus/220401_NSW036_Met_WC.png,Goard,10X,Shorr Stain,Mouse,Slc7a7-cre (Jax Stock #023527) x TITL-GCAMP6s (Jax Stock #024104),25E01217378F5A8D158DB74BDAE0FCD2
metestrus/220404_NSW030_Met_WC.png,Goard,10X,Shorr Stain,Mouse,Slc7a7-cre (Jax Stock #023527) x TITL-GCAMP6s (Jax Stock #024104),748E8048531185077952028C94884334
metestrus/220404_NSW049_Met_EY.png,Goard,10X,Shorr Stain,Mouse,Slc7a7-cre (Jax Stock #023527) x TITL-GCAMP6s (Jax Stock #024104),0AA6328DEDDDD2064E198CF2A9CFC2BD
metestrus/220406_NSW048_Met_EY.png,Goard,10X,Shorr Stain,Mouse,Slc7a7-cre (Jax Stock #023527) x TITL-GCAMP6s (Jax Stock #024104),73FAEE11B34329F194D04DC229962148
metestrus/220406_SC_L1_Met_EY.png,Goard,10X,Shorr Stain,Mouse,Slc7a7-cre (Jax Stock #023527) x TITL-GCAMP6s (Jax Stock #024104),E5C17C9A098A752EC0370A52ABF86B83
metestrus/220406_SC_R2_Met_SR.png,Goard,10X,Shorr Stain,Mouse,Slc7a7-cre (Jax Stock #023527) x TITL-GCAMP6s (Jax Stock #024104),DD2EB61CE1657E5E023FB7C7B4306760
metestrus/220407_NSW024_Met_SR.png,Goard,10X,Shorr Stain,Mouse,Slc7a7-cre (Jax Stock #023527) x TITL-GCAMP6s (Jax Stock #024104),5C5FEAD29ADC1ED76EB994D9025EB4D6
metestrus/220407_SC_L1_Met_SR.png,Goard,10X,Shorr Stain,Mouse,Slc7a7-cre (Jax Stock #023527) x TITL-GCAMP6s (Jax Stock #024104),D7A6CD44BFB6259F87A5793C5A42E130
metestrus/220407_SC_R2_Met_SR.png,Goard,10X,Shorr Stain,Mouse,Slc7a7-cre (Jax Stock #023527) x TITL-GCAMP6s (Jax Stock #024104),8BF6BC1CE324E63B9DE2FEC7D71AFFE1
metestrus/220408_NSW030_Met_WC.png,Goard,10X,Shorr Stain,Mouse,Slc7a7-cre (Jax Stock #023527) x TITL-GCAMP6s (Jax Stock #024104),409AE1EF2FB4D041516EC106FB5FA61F
metestrus/220408_SC_L1R1_Met_EY.png,Goard,10X,Shorr Stain,Mouse,Slc7a7-cre (Jax Stock #023527) x TITL-GCAMP6s (Jax Stock #024104),C23C51B2CDCA3BCE74C307355382EC85
metestrus/220411_NSW045_Met_SR.png,Goard,10X,Shorr Stain,Mouse,Slc7a7-cre (Jax Stock #023527) x TITL-GCAMP6s (Jax Stock #024104),CF6037E9ECC21C4858E531E3F0030B30
metestrus/220411_NSW048_Met_EY.png,Goard,10X,Shorr Stain,Mouse,Slc7a7-cre (Jax Stock #023527) x TITL-GCAMP6s (Jax Stock #024104),329DB76DA75ED71FB6AB7A789AF77335
metestrus/220411_NSW049_Met_SR.png,Goard,10X,Shorr Stain,Mouse,Slc7a7-cre (Jax Stock #023527) x TITL-GCAMP6s (Jax Stock #024104),D5687BE9DDCED527E993673A870F1385
metestrus/220411_SC_L1R1_Met_EY.png,Goard,10X,Shorr Stain,Mouse,Slc7a7-cre (Jax Stock #023527) x TITL-GCAMP6s (Jax Stock #024104),D5E0EC43EA7CCA99C2545969308233E1
metestrus/220411_SC_R2_Met_SR.png,Goard,10X,Shorr Stain,Mouse,Slc7a7-cre (Jax Stock #023527) x TITL-GCAMP6s (Jax Stock #024104),5DDCD3C0AB46638F49071EEC9AC71A98
metestrus/220412_NSW045_Met_SR.png,Goard,10X,Shorr Stain,Mouse,Slc7a7-cre (Jax Stock #023527) x TITL-GCAMP6s (Jax Stock #024104),76E3F71C92827A3AFC13697637824CEA
metestrus/220412_NSW048_Met_SR.png,Goard,10X,Shorr Stain,Mouse,Slc7a7-cre (Jax Stock #023527) x TITL-GCAMP6s (Jax Stock #024104),A547CA3CB425E5839CDC7373C4AA2B89
metestrus/220412_NSW049_Met_SR.png,Goard,10X,Shorr Stain,Mouse,Slc7a7-cre (Jax Stock #023527) x TITL-GCAMP6s (Jax Stock #024104),D46DF52EF2E9F9150A40B429B8C8CE8B
metestrus/220412_SC_L1R1_Met_SR.png,Goard,10X,Shorr Stain,Mouse,Slc7a7-cre (Jax Stock #023527) x TITL-GCAMP6s (Jax Stock #024104),43FC3918AEC87264709431EBD87B2D77
metestrus/220412_SC_R2_Met_SR.png,Goard,10X,Shorr Stain,Mouse,Slc7a7-cre (Jax Stock #023527) x TITL-GCAMP6s (Jax Stock #024104),FDD5774EE7CD3616DDAD48710578A85B
metestrus/220413_NSW048_Met_SR.png,Goard,10X,Shorr Stain,Mouse,Slc7a7-cre (Jax Stock #023527) x TITL-GCAMP6s (Jax Stock #024104),8870B04037B279F773A5797E2225A053
metestrus/220413_SC_L1R1_Met_SR.png,Goard,10X,Shorr Stain,Mouse,Slc7a7-cre (Jax Stock #023527) x TITL-GCAMP6s (Jax Stock #024104),8BE0A196D94E309CFF945DF0B4ECE9AB
metestrus/220414_NSW045_Met_SR.png,Goard,10X,Shorr Stain,Mouse,Slc7a7-cre (Jax Stock #023527) x TITL-GCAMP6s (Jax Stock #024104),91AF1F9C758E6417962CECB17945101A
metestrus/220415_NSW036_Met_EY.png,Goard,10X,Shorr Stain,Mouse,Slc7a7-cre (Jax Stock #023527) x TITL-GCAMP6s (Jax Stock #024104),BB08CA9D5D2E247DCCBADD5DA50157A9
metestrus/220418_NSW045_Met_EY.png,Goard,10X,Shorr Stain,Mouse,Slc7a7-cre (Jax Stock #023527) x TITL-GCAMP6s (Jax Stock #024104),A53A102A41B915A6F9342DADA3745B89
metestrus/220419_NSW036_Met_MK.png,Goard,10X,Shorr Stain,Mouse,Slc7a7-cre (Jax Stock #023527) x TITL-GCAMP6s (Jax Stock #024104),C1F047FECC2C3CADFF0088B2A3837A52
metestrus/220419_SC_L1_Met_MK.png,Goard,10X,Shorr Stain,Mouse,Slc7a7-cre (Jax Stock #023527) x TITL-GCAMP6s (Jax Stock #024104),A5CAB35412B124254F0F0CB682B074DF
metestrus/220420_NSW030_Met_WC.png,Goard,10X,Shorr Stain,Mouse,Slc7a7-cre (Jax Stock #023527) x TITL-GCAMP6s (Jax Stock #024104),64A1D4047AD60B8E93261AFED53C475F
metestrus/220420_NSW048_Met_WC.png,Goard,10X,Shorr Stain,Mouse,Slc7a7-cre (Jax Stock #023527) x TITL-GCAMP6s (Jax Stock #024104),2CDCC38ADC40ACC0B7EAD64B9F6C8F87
metestrus/220420_NSW049_Met_WC.png,Goard,10X,Shorr Stain,Mouse,Slc7a7-cre (Jax Stock #023527) x TITL-GCAMP6s (Jax Stock #024104),D5D2145E47C8529A5F36224AA9F7E75E
metestrus/220420_SC_L1R1_Met_WC.png,Goard,10X,Shorr Stain,Mouse,Slc7a7-cre (Jax Stock #023527) x TITL-GCAMP6s (Jax Stock #024104),5386F9F29D95FDFF4827CDB2A25A7964
metestrus/220420_SC_L1_Met_WC.png,Goard,10X,Shorr Stain,Mouse,Slc7a7-cre (Jax Stock #023527) x TITL-GCAMP6s (Jax Stock #024104),447110CF9CB9A3DD19F25DA5E6C74015
metestrus/220421_NSW045_Met_WC.png,Goard,10X,Shorr Stain,Mouse,Slc7a7-cre (Jax Stock #023527) x TITL-GCAMP6s (Jax Stock #024104),8BB59CDD4FDDA9C09B39FE5EF963B3B1
metestrus/220421_NSW049_Met_WC.png,Goard,10X,Shorr Stain,Mouse,Slc7a7-cre (Jax Stock #023527) x TITL-GCAMP6s (Jax Stock #024104),F1925E25793CFD3325A91359C0BCFE18
metestrus/220421_SC_L1R1_Met_WC.png,Goard,10X,Shorr Stain,Mouse,Slc7a7-cre (Jax Stock #023527) x TITL-GCAMP6s (Jax Stock #024104),3477EA8255C151EE3F1AF5BD45FC46A4
metestrus/220425_NSW030_Met_WC.png,Goard,10X,Shorr Stain,Mouse,Slc7a7-cre (Jax Stock #023527) x TITL-GCAMP6s (Jax Stock #024104),1B5836F6D546AD5000112C5D513F6B21
metestrus/220425_NSW048_Met_WC.png,Goard,10X,Shorr Stain,Mouse,Slc7a7-cre (Jax Stock #023527) x TITL-GCAMP6s (Jax Stock #024104),1F8C8CA3BBA2F4C2224262E2698DA899
metestrus/220426_NSW030_Met_MK.png,Goard,10X,Shorr Stain,Mouse,Slc7a7-cre (Jax Stock #023527) x TITL-GCAMP6s (Jax Stock #024104),BFE25054A9D408E63D1C54CA06F77950
metestrus/220426_NSW049_Met_MK.png,Goard,10X,Shorr Stain,Mouse,Slc7a7-cre (Jax Stock #023527) x TITL-GCAMP6s (Jax Stock #024104),7F9CE108F706B01AD0D1D8C71656E99B
metestrus/220426_SC_R2_Met_MK.png,Goard,10X,Shorr Stain,Mouse,Slc7a7-cre (Jax Stock #023527) x TITL-GCAMP6s (Jax Stock #024104),5EF83D25EDD6F8673B39D81943E25D10
metestrus/220427_NSW036_Met_MK.png,Goard,10X,Shorr Stain,Mouse,Slc7a7-cre (Jax Stock #023527) x TITL-GCAMP6s (Jax Stock #024104),6E80C9219A5D600012354997F050DF16
metestrus/220427_NSW056_Met_MK.png,Goard,10X,Shorr Stain,Mouse,Slc7a7-cre (Jax Stock #023527) x TITL-GCAMP6s (Jax Stock #024104),316EF6BCDCC8264CA2251A088CB9AF82
metestrus/220428_NSW036_Met_WC.png,Goard,10X,Shorr Stain,Mouse,Slc7a7-cre (Jax Stock #023527) x TITL-GCAMP6s (Jax Stock #024104),CA51F25C8DE8D926FF6A1972B62066C6
metestrus/220429_NSW036_Met_WC.png,Goard,10X,Shorr Stain,Mouse,Slc7a7-cre (Jax Stock #023527) x TITL-GCAMP6s (Jax Stock #024104),BF3A4422A53D21FD11574B217A810BFD
metestrus/220502_NSW056_Met_WC.png,Goard,10X,Shorr Stain,Mouse,Slc7a7-cre (Jax Stock #023527) x TITL-GCAMP6s (Jax Stock #024104),E2C94115EF58491FA50008456D3993C4
metestrus/220502_SC_R2_Met_WC.png,Goard,10X,Shorr Stain,Mouse,Slc7a7-cre (Jax Stock #023527) x TITL-GCAMP6s (Jax Stock #024104),5DC749EFBE4BB52142AA1C187AF1B1CB
metestrus/220503_NSW045_Met_WC.png,Goard,10X,Shorr Stain,Mouse,Slc7a7-cre (Jax Stock #023527) x TITL-GCAMP6s (Jax Stock #024104),B88BDC774D10CF7FBB835C35E647AE2A
metestrus/220503_NSW056_Met_WC.png,Goard,10X,Shorr Stain,Mouse,Slc7a7-cre (Jax Stock #023527) x TITL-GCAMP6s (Jax Stock #024104),847C04B1B4E3024D40670B6491B62319
metestrus/220503_SC_L1_Met_EY.png,Goard,10X,Shorr Stain,Mouse,Slc7a7-cre (Jax Stock #023527) x TITL-GCAMP6s (Jax Stock #024104),9D8C9AFAB877FFDB6ABCD41590740466
metestrus/220503_SC_R2_Met_EY.png,Goard,10X,Shorr Stain,Mouse,Slc7a7-cre (Jax Stock #023527) x TITL-GCAMP6s (Jax Stock #024104),AC292E3887DB3E58CAB1BD79984EFD23
metestrus/220504_NSW045_Met_MK.png,Goard,10X,Shorr Stain,Mouse,Slc7a7-cre (Jax Stock #023527) x TITL-GCAMP6s (Jax Stock #024104),1F1D42C673BB36F13BF0C7F17443AA80
metestrus/220504_SC_L1_Met_MK.png,Goard,10X,Shorr Stain,Mouse,Slc7a7-cre (Jax Stock #023527) x TITL-GCAMP6s (Jax Stock #024104),AD50B379642D8174F706EF023D7CD41B
metestrus/220504_SC_R2_Met_MK.png,Goard,10X,Shorr Stain,Mouse,Slc7a7-cre (Jax Stock #023527) x TITL-GCAMP6s (Jax Stock #024104),7AEA0AFE60A338A8366312E4DCE33675
metestrus/220505_SC_R2_Met_MK.png,Goard,10X,Shorr Stain,Mouse,Slc7a7-cre (Jax Stock #023527) x TITL-GCAMP6s (Jax Stock #024104),F92A1EA1266977C422352BFDF5F7EBB1
metestrus/220509_SC_R2_Met_MK.png,Goard,10X,Shorr Stain,Mouse,Slc7a7-cre (Jax Stock #023527) x TITL-GCAMP6s (Jax Stock #024104),C9FB1B800455484C0927F8DC3EC881DC
metestrus/220510_SC_L1R1_Met_MK.png,Goard,10X,Shorr Stain,Mouse,Slc7a7-cre (Jax Stock #023527) x TITL-GCAMP6s (Jax Stock #024104),B6E01EBFCAB4FBF9AB81ABAF08F1D881
metestrus/220510_SC_L1R1_Unstained_MK.png,Goard,10X,No Stain,Mouse,Slc7a7-cre (Jax Stock #023527) x TITL-GCAMP6s (Jax Stock #024104),C82F4EB9E3B41A0AD2DBAB402A06C3A0
metestrus/220512_NSW036_Met_WC.png,Goard,10X,Shorr Stain,Mouse,Slc7a7-cre (Jax Stock #023527) x TITL-GCAMP6s (Jax Stock #024104),2FF832F4B3F3869B175E9082CFB4FC28
metestrus/220512_NSW036_Unstained_MK.png,Goard,10X,No Stain,Mouse,Slc7a7-cre (Jax Stock #023527) x TITL-GCAMP6s (Jax Stock #024104),F9559F6822B64977FD4EAA694C3450E4
metestrus/220516_L1R1_Met_WC.png,Goard,10X,Shorr Stain,Mouse,Slc7a7-cre (Jax Stock #023527) x TITL-GCAMP6s (Jax Stock #024104),7449239C4BF0EABDA38E90F8C8AB53C4
metestrus/220516_NSW036_Met_WC.png,Goard,10X,Shorr Stain,Mouse,Slc7a7-cre (Jax Stock #023527) x TITL-GCAMP6s (Jax Stock #024104),A609EBABCDA9289EF4EC31E728B906E3
metestrus/220516_NSW036_Unstained_WC.png,Goard,10X,No Stain,Mouse,Slc7a7-cre (Jax Stock #023527) x TITL-GCAMP6s (Jax Stock #024104),F6BABA845BB27CF570772C2FF8177334
metestrus/220516_NSW049_Met_WC.png,Goard,10X,Shorr Stain,Mouse,Slc7a7-cre (Jax Stock #023527) x TITL-GCAMP6s (Jax Stock #024104),1A9F496150AFC6E27AB8D23E2DF60EE9
metestrus/220516_NSW049_Unstained_WC.png,Goard,10X,No Stain,Mouse,Slc7a7-cre (Jax Stock #023527) x TITL-GCAMP6s (Jax Stock #024104),AB4FC88E20F1763ECEAFE8ACF949455B
metestrus/220516_SC_L1R1_Unstained_WC.png,Goard,10X,No Stain,Mouse,Slc7a7-cre (Jax Stock #023527) x TITL-GCAMP6s (Jax Stock #024104),0282407B546A909CF32E4AEF6C44936A
metestrus/220517_NSW049_Met_WC.png,Goard,10X,Shorr Stain,Mouse,Slc7a7-cre (Jax Stock #023527) x TITL-GCAMP6s (Jax Stock #024104),1408075341A92C781596B573A49E44D9
metestrus/220517_NSW049_Unstained_MK.png,Goard,10X,No Stain,Mouse,Slc7a7-cre (Jax Stock #023527) x TITL-GCAMP6s (Jax Stock #024104),160412B3B2B06EE99E63B9E003197D19
metestrus/220519_NSW045_Met_WC.png,Goard,10X,Shorr Stain,Mouse,Slc7a7-cre (Jax Stock #023527) x TITL-GCAMP6s (Jax Stock #024104),15621781294F57CB5B84EF2456EA3D90
metestrus/220519_NSW045_Unstained_MK.png,Goard,10X,No Stain,Mouse,Slc7a7-cre (Jax Stock #023527) x TITL-GCAMP6s (Jax Stock #024104),1E72892F8E55612B3F55F0B75B07CFCC
metestrus/220519_NSW049_Met_MK.png,Goard,10X,Shorr Stain,Mouse,Slc7a7-cre (Jax Stock #023527) x TITL-GCAMP6s (Jax Stock #024104),8E345107D6C87A289ECFA2960D66A6B0
metestrus/220519_NSW049_Unstained_MK.png,Goard,10X,No Stain,Mouse,Slc7a7-cre (Jax Stock #023527) x TITL-GCAMP6s (Jax Stock #024104),81EA451AB12DD5EA92E4FB394D077878
metestrus/220520_NSW049_Met_EY.png,Goard,10X,Shorr Stain,Mouse,Slc7a7-cre (Jax Stock #023527) x TITL-GCAMP6s (Jax Stock #024104),8673F83AD2B41E077DA05D969CDEDEB5
metestrus/220520_NSW049_Unstained_EY.png,Goard,10X,No Stain,Mouse,Slc7a7-cre (Jax Stock #023527) x TITL-GCAMP6s (Jax Stock #024104),632431ABC1E4CEB75547C183FB91919A
metestrus/220522_NSW047_Met_EY.png,Goard,10X,Shorr Stain,Mouse,Slc7a7-cre (Jax Stock #023527) x TITL-GCAMP6s (Jax Stock #024104),A0AF4C3B66FFADC3862210C4A1DA2C90
metestrus/220524_NSW045_Met_WC.png,Goard,10X,Shorr Stain,Mouse,Slc7a7-cre (Jax Stock #023527) x TITL-GCAMP6s (Jax Stock #024104),201C9E8D43E8F67F0D7E49D14ABD8FFC
metestrus/220524_SC_R2_Met_EY.png,Goard,10X,Shorr Stain,Mouse,Slc7a7-cre (Jax Stock #023527) x TITL-GCAMP6s (Jax Stock #024104),CCE678B636B5DF353679E1F1250B2A45
metestrus/220526_NSW045_Met_EY.png,Goard,10X,Shorr Stain,Mouse,Slc7a7-cre (Jax Stock #023527) x TITL-GCAMP6s (Jax Stock #024104),906C8BCA061B945C31F056756B7E25A5
metestrus/220527_NSW049_Met_EY.png,Goard,10X,Shorr Stain,Mouse,Slc7a7-cre (Jax Stock #023527) x TITL-GCAMP6s (Jax Stock #024104),03D224C9CB2016E0D684419E5E09A4B8
metestrus/220527_NSW049_Unstained_EY.png,Goard,10X,No Stain,Mouse,Slc7a7-cre (Jax Stock #023527) x TITL-GCAMP6s (Jax Stock #024104),C2CC8B27963924B2D08E34754464D69D
metestrus/220601_NSW049_Met_EY.png,Goard,10X,Shorr Stain,Mouse,Slc7a7-cre (Jax Stock #023527) x TITL-GCAMP6s (Jax Stock #024104),9C939F29DD37A32ABAF1204A8C09B3AD
metestrus/220601_SC_L1_Met_EY.png,Goard,10X,Shorr Stain,Mouse,Slc7a7-cre (Jax Stock #023527) x TITL-GCAMP6s (Jax Stock #024104),220BD3F07B3E7F68DFB1784D475E59E0
metestrus/220602_NSW036_Met_EY.png,Goard,10X,Shorr Stain,Mouse,Slc7a7-cre (Jax Stock #023527) x TITL-GCAMP6s (Jax Stock #024104),ECE9728F83F3EE389389FF38A68BB16E
metestrus/220602_NSW036_Unstained_MK.png,Goard,10X,No Stain,Mouse,Slc7a7-cre (Jax Stock #023527) x TITL-GCAMP6s (Jax Stock #024104),9E437351401C8421D4DEF5EDFBFA6CA8
metestrus/220603_NSW036_Met_EY.png,Goard,10X,Shorr Stain,Mouse,Slc7a7-cre (Jax Stock #023527) x TITL-GCAMP6s (Jax Stock #024104),73736BE92B85295291E0DDFF1B7D39CD
metestrus/220603_NSW036_Unstained_WC.png,Goard,10X,No Stain,Mouse,Slc7a7-cre (Jax Stock #023527) x TITL-GCAMP6s (Jax Stock #024104),BE99667533D7B847B8F945ACEF6A12B7
metestrus/220603_NSW045_Met_EY.png,Goard,10X,Shorr Stain,Mouse,Slc7a7-cre (Jax Stock #023527) x TITL-GCAMP6s (Jax Stock #024104),4AEFCE50AFD6112BF93408965728A4B2
metestrus/220603_NSW045_Unstained_WC.png,Goard,10X,No Stain,Mouse,Slc7a7-cre (Jax Stock #023527) x TITL-GCAMP6s (Jax Stock #024104),F63283FF36B0364194E2B7AB813BE4A5
metestrus/220603_SC_R2_Met_EY.png,Goard,10X,Shorr Stain,Mouse,Slc7a7-cre (Jax Stock #023527) x TITL-GCAMP6s (Jax Stock #024104),EE3541EA366359B68AE33C6A311026A2
metestrus/220603_SC_R2_Unstained_EY.png,Goard,10X,No Stain,Mouse,Slc7a7-cre (Jax Stock #023527) x TITL-GCAMP6s (Jax Stock #024104),D7FF84D01F9EC35A6B33B97C9F074843
metestrus/220606_NSW047_Met_WC.png,Goard,10X,Shorr Stain,Mouse,Slc7a7-cre (Jax Stock #023527) x TITL-GCAMP6s (Jax Stock #024104),8CAD8FB364BE695D89E9013CAC79AA18
metestrus/220606_NSW047_unstained_EY.png,Goard,10X,No Stain,Mouse,Slc7a7-cre (Jax Stock #023527) x TITL-GCAMP6s (Jax Stock #024104),85799A2E9BEC5B684A48884A2C68A9DB
metestrus/220606_NSW049_Met_WC.png,Goard,10X,Shorr Stain,Mouse,Slc7a7-cre (Jax Stock #023527) x TITL-GCAMP6s (Jax Stock #024104),C501F35833CA013C9204C90B5430C6AD
metestrus/220606_NSW049_Unstained_EY.png,Goard,10X,No Stain,Mouse,Slc7a7-cre (Jax Stock #023527) x TITL-GCAMP6s (Jax Stock #024104),D46DB25ECBA760EFA4BE0EFB8AA432CA
metestrus/220608_NSW036_Met_WC.png,Goard,10X,Shorr Stain,Mouse,Slc7a7-cre (Jax Stock #023527) x TITL-GCAMP6s (Jax Stock #024104),018E444DA5896BA3996D6402A00EFAE8
metestrus/220608_NSW036_Unstained_WC.png,Goard,10X,No Stain,Mouse,Slc7a7-cre (Jax Stock #023527) x TITL-GCAMP6s (Jax Stock #024104),2738735CBC89192B7C890044EA1B4519
metestrus/220610_NSW045_Met_MK.png,Goard,10X,Shorr Stain,Mouse,Slc7a7-cre (Jax Stock #023527) x TITL-GCAMP6s (Jax Stock #024104),6901631915717CE2D962F3D06D3A6ABE
metestrus/220610_NSW045_Unstained_WC.png,Goard,10X,No Stain,Mouse,Slc7a7-cre (Jax Stock #023527) x TITL-GCAMP6s (Jax Stock #024104),2D120D605796585902D8E45F4C7FB5CC
metestrus/220610_SC_L1_Met_MK.png,Goard,10X,Shorr Stain,Mouse,Slc7a7-cre (Jax Stock #023527) x TITL-GCAMP6s (Jax Stock #024104),7416ECFF436B6C280F08DB54E6EFFBD8
metestrus/220610_SC_L1_Unstained_WC.png,Goard,10X,No Stain,Mouse,Slc7a7-cre (Jax Stock #023527) x TITL-GCAMP6s (Jax Stock #024104),1871E6D456ED223495A842150340AEBA
metestrus/220613_NSW047_Met_MK.png,Goard,10X,Shorr Stain,Mouse,Slc7a7-cre (Jax Stock #023527) x TITL-GCAMP6s (Jax Stock #024104),5711F01C21CD7E9AA5D0910E7D9B55CA
metestrus/220613_NSW049_Met_MK.png,Goard,10X,Shorr Stain,Mouse,Slc7a7-cre (Jax Stock #023527) x TITL-GCAMP6s (Jax Stock #024104),371CF66F6716DA645AB20A43ECEA45BA
metestrus/220622_NSW036_Unstained_EY.png,Goard,10X,No Stain,Mouse,Slc7a7-cre (Jax Stock #023527) x TITL-GCAMP6s (Jax Stock #024104),369CC3F11A2347870A1B20C8507F3242
metestrus/220622_NSW047_Met_EY.png,Goard,10X,Shorr Stain,Mouse,Slc7a7-cre (Jax Stock #023527) x TITL-GCAMP6s (Jax Stock #024104),E79FF4B94A430B7C9A95A0C1A1BC46C9
metestrus/220622_NSW047_unstained_EY.png,Goard,10X,No Stain,Mouse,Slc7a7-cre (Jax Stock #023527) x TITL-GCAMP6s (Jax Stock #024104),D6CBA4CECE0B8B467289FD9EEECC5586
metestrus/220624_SC_R1L1_Met_EY.png,Goard,10X,Shorr Stain,Mouse,Slc7a7-cre (Jax Stock #023527) x TITL-GCAMP6s (Jax Stock #024104),F12AB55849C620B6E91E5199A34E1060
metestrus/220624_SC_R1L1_Unstained_EY.png,Goard,10X,No Stain,Mouse,Slc7a7-cre (Jax Stock #023527) x TITL-GCAMP6s (Jax Stock #024104),6A0A0F33A59DF863F0D74286A1B9A8B9
metestrus/220627_NSW045_Met_EY.png,Goard,10X,Shorr Stain,Mouse,Slc7a7-cre (Jax Stock #023527) x TITL-GCAMP6s (Jax Stock #024104),F5362FCAC175B6C518FA08D46A9206B2
metestrus/220627_NSW045_Unstained_EY.png,Goard,10X,No Stain,Mouse,Slc7a7-cre (Jax Stock #023527) x TITL-GCAMP6s (Jax Stock #024104),F28993A5CB080B0D9DC85793E8C198CC
metestrus/220627_NSW047_Met_EY.png,Goard,10X,Shorr Stain,Mouse,Slc7a7-cre (Jax Stock #023527) x TITL-GCAMP6s (Jax Stock #024104),2D3299F6A27A263ED4666F3B73074DF4
metestrus/220627_NSW047_unstained_EY.png,Goard,10X,No Stain,Mouse,Slc7a7-cre (Jax Stock #023527) x TITL-GCAMP6s (Jax Stock #024104),FD54698EEBF655E8C54C12DD42046A19
metestrus/220627_SC_R2_Met_EY.png,Goard,10X,Shorr Stain,Mouse,Slc7a7-cre (Jax Stock #023527) x TITL-GCAMP6s (Jax Stock #024104),6D29795041433D760E6E8EC49C3AC5B4
metestrus/220627_SC_R2_Unstained_EY.png,Goard,10X,No Stain,Mouse,Slc7a7-cre (Jax Stock #023527) x TITL-GCAMP6s (Jax Stock #024104),39B56CE155937659EBA24D4ABE338E78
metestrus/220628_NSW045_Met_EY.png,Goard,10X,Shorr Stain,Mouse,Slc7a7-cre (Jax Stock #023527) x TITL-GCAMP6s (Jax Stock #024104),A44DA5B2D4F6EA1E8D0A370DF9BCE84C
metestrus/220628_NSW045_Unstained_EY.png,Goard,10X,No Stain,Mouse,Slc7a7-cre (Jax Stock #023527) x TITL-GCAMP6s (Jax Stock #024104),9CD47788F36D5B197B1FE56BC683A015
metestrus/220628_NSW047_Met_EY.png,Goard,10X,Shorr Stain,Mouse,Slc7a7-cre (Jax Stock #023527) x TITL-GCAMP6s (Jax Stock #024104),8841BD5ACF896BCF089529ACC52D62BD
metestrus/220628_NSW047_unstained_EY.png,Goard,10X,No Stain,Mouse,Slc7a7-cre (Jax Stock #023527) x TITL-GCAMP6s (Jax Stock #024104),7DBC5BF38050AF10CD49143CDF8BF590
metestrus/220630_SC_R1L1_Met_EY.png,Goard,10X,Shorr Stain,Mouse,Slc7a7-cre (Jax Stock #023527) x TITL-GCAMP6s (Jax Stock #024104),6606F3F07AE98A4FF75C234F395D8D2C
metestrus/220630_SC_R1L1_Unstained_EY.png,Goard,10X,No Stain,Mouse,Slc7a7-cre (Jax Stock #023527) x TITL-GCAMP6s (Jax Stock #024104),01984F27FAB0B7C4299DCD3F91752619
metestrus/220705_NSW049_Met_EY.png,Goard,10X,Shorr Stain,Mouse,Slc7a7-cre (Jax Stock #023527) x TITL-GCAMP6s (Jax Stock #024104),5F6121D3449815EDAE321B17ED6380DB
metestrus/220705_NSW049_Unstained_EY.png,Goard,10X,No Stain,Mouse,Slc7a7-cre (Jax Stock #023527) x TITL-GCAMP6s (Jax Stock #024104),1E5527079642502A248E829E58CA50EF
metestrus/220711_NSW050_Met_EY.png,Goard,10X,Shorr Stain,Mouse,Slc7a7-cre (Jax Stock #023527) x TITL-GCAMP6s (Jax Stock #024104),17D76EB357D6C1F947C0008FF8EAC989
metestrus/220711_NSW050_Unstained_EY.png,Goard,10X,No Stain,Mouse,Slc7a7-cre (Jax Stock #023527) x TITL-GCAMP6s (Jax Stock #024104),679216159E12F807C63730027D3CB744
metestrus/220712_AM_NSW048_Met_EY.png,Goard,10X,Shorr Stain,Mouse,Slc7a7-cre (Jax Stock #023527) x TITL-GCAMP6s (Jax Stock #024104),AC094BFF306EB8074806C9E1FDD04388
metestrus/220712_NSW045_Met_EY.png,Goard,10X,Shorr Stain,Mouse,Slc7a7-cre (Jax Stock #023527) x TITL-GCAMP6s (Jax Stock #024104),C9728A6DA1AD296F7AAE54FA545A3AE8
metestrus/220712_NSW045_Unstained_MK.png,Goard,10X,No Stain,Mouse,Slc7a7-cre (Jax Stock #023527) x TITL-GCAMP6s (Jax Stock #024104),C0A940D8BFC8E108B0C4628E09AB96E9
metestrus/220712_PM_NSW036_Met_EY.png,Goard,10X,Shorr Stain,Mouse,Slc7a7-cre (Jax Stock #023527) x TITL-GCAMP6s (Jax Stock #024104),37558AD76D1FDA910209B16A79731F1A
metestrus/220712_PM_NSW048_Met_EY.png,Goard,10X,Shorr Stain,Mouse,Slc7a7-cre (Jax Stock #023527) x TITL-GCAMP6s (Jax Stock #024104),4A0A74191D10A0291546E1B29F340C68
metestrus/220714_PM_NSW036_Met_EY.png,Goard,10X,Shorr Stain,Mouse,Slc7a7-cre (Jax Stock #023527) x TITL-GCAMP6s (Jax Stock #024104),AE8327804531B10A4BB41389B5843F4E
metestrus/220714_SC_L1_Met_EY.png,Goard,10X,Shorr Stain,Mouse,Slc7a7-cre (Jax Stock #023527) x TITL-GCAMP6s (Jax Stock #024104),5D81EAACE0C17F60F107D058E076B9B8
metestrus/220714_SC_L1_Unstained_MK.png,Goard,10X,No Stain,Mouse,Slc7a7-cre (Jax Stock #023527) x TITL-GCAMP6s (Jax Stock #024104),F4922F927C75793133AECB2A892105FA
metestrus/220719_SC_R1L1_Met_EY.png,Goard,10X,Shorr Stain,Mouse,Slc7a7-cre (Jax Stock #023527) x TITL-GCAMP6s (Jax Stock #024104),14856C9A584ED951EF6BBA62EF8AF959
metestrus/220721_SC_L1_Met_EY.png,Goard,10X,Shorr Stain,Mouse,Slc7a7-cre (Jax Stock #023527) x TITL-GCAMP6s (Jax Stock #024104),5A8EC69E657D55ABAEF89F0792AAF521
metestrus/220721_SC_L1_Unstained_EY.png,Goard,10X,No Stain,Mouse,Slc7a7-cre (Jax Stock #023527) x TITL-GCAMP6s (Jax Stock #024104),EB8AE108E329A9DDEAF19D1F57BC644B
metestrus/220722_SC_R2_Met_EY.png,Goard,10X,Shorr Stain,Mouse,Slc7a7-cre (Jax Stock #023527) x TITL-GCAMP6s (Jax Stock #024104),CA55FF5DEBB9671670CDE0F44D23756F
metestrus/220722_SC_R2_Unstained_EY.png,Goard,10X,No Stain,Mouse,Slc7a7-cre (Jax Stock #023527) x TITL-GCAMP6s (Jax Stock #024104),CA14AABC40698498DA30B6901C1511E5
metestrus/220729_SC_L1_Met_EY.png,Goard,10X,Shorr Stain,Mouse,Slc7a7-cre (Jax Stock #023527) x TITL-GCAMP6s (Jax Stock #024104),9A5315E7E90DE7C5B3EE5F5106FA0E90
metestrus/220729_SC_L1_Unstained_EY.png,Goard,10X,No Stain,Mouse,Slc7a7-cre (Jax Stock #023527) x TITL-GCAMP6s (Jax Stock #024104),907323C559025EFF63448E1A33814691
metestrus/220802_NSW050_Met_EY.png,Goard,10X,Shorr Stain,Mouse,Slc7a7-cre (Jax Stock #023527) x TITL-GCAMP6s (Jax Stock #024104),294BDA377B277C03DC2830E68444EBC9
metestrus/220802_NSW050_Unstained_MK.png,Goard,10X,No Stain,Mouse,Slc7a7-cre (Jax Stock #023527) x TITL-GCAMP6s (Jax Stock #024104),EE26DE8293A13B2CF6C48235A7D3C675
metestrus/220802_SC_R2_Met_EY.png,Goard,10X,Shorr Stain,Mouse,Slc7a7-cre (Jax Stock #023527) x TITL-GCAMP6s (Jax Stock #024104),5466BF5867902A9D69D9ED2E6F078244
metestrus/220802_SC_R2_Unstained_MK.png,Goard,10X,No Stain,Mouse,Slc7a7-cre (Jax Stock #023527) x TITL-GCAMP6s (Jax Stock #024104),8C43760F301BC82931E8E524EC8150D9
metestrus/220803_SC_R2_Met_EY.png,Goard,10X,Shorr Stain,Mouse,Slc7a7-cre (Jax Stock #023527) x TITL-GCAMP6s (Jax Stock #024104),06F97C930030BFFC063C8ACFE4C106C8
metestrus/220803_SC_R2_Unstained_EY.png,Goard,10X,No Stain,Mouse,Slc7a7-cre (Jax Stock #023527) x TITL-GCAMP6s (Jax Stock #024104),AAA00E48E3B37D2B0D761241CD0C846C
metestrus/220804_NSW050_Met_EY.png,Goard,10X,Shorr Stain,Mouse,Slc7a7-cre (Jax Stock #023527) x TITL-GCAMP6s (Jax Stock #024104),7BC52284625D0D8B7F297DA47B179F2F
metestrus/220805_NSW047_Met_EY.png,Goard,10X,Shorr Stain,Mouse,Slc7a7-cre (Jax Stock #023527) x TITL-GCAMP6s (Jax Stock #024104),937F4C52ADC7698CB4A31D691E51587E
metestrus/220805_NSW047_unstained_EY.png,Goard,10X,No Stain,Mouse,Slc7a7-cre (Jax Stock #023527) x TITL-GCAMP6s (Jax Stock #024104),E4CBC9744D090B8AD192721697341450
metestrus/220805_NSW051_Met_EY.png,Goard,10X,Shorr Stain,Mouse,Slc7a7-cre (Jax Stock #023527) x TITL-GCAMP6s (Jax Stock #024104),C7BBE2CC170A16ECEC97DA0A217153FF
metestrus/220805_NSW051_Unstained_EY.png,Goard,10X,No Stain,Mouse,Slc7a7-cre (Jax Stock #023527) x TITL-GCAMP6s (Jax Stock #024104),5D960F145F605315F72674E01A4AA4C1
metestrus/220809_NSW050_Met_EY.png,Goard,10X,Shorr Stain,Mouse,Slc7a7-cre (Jax Stock #023527) x TITL-GCAMP6s (Jax Stock #024104),16F6A701B9E4167D0D7D89FDBC020AF9
metestrus/220809_NSW050_Unstained_MK.png,Goard,10X,No Stain,Mouse,Slc7a7-cre (Jax Stock #023527) x TITL-GCAMP6s (Jax Stock #024104),6EC8039E6B6B928222F9DA2227C3A345
metestrus/220810_NSW050_Met_EY.png,Goard,10X,Shorr Stain,Mouse,Slc7a7-cre (Jax Stock #023527) x TITL-GCAMP6s (Jax Stock #024104),08744E9A21C10985AB885A9989D91A7D
metestrus/220810_NSW050_Unstained_EY.png,Goard,10X,No Stain,Mouse,Slc7a7-cre (Jax Stock #023527) x TITL-GCAMP6s (Jax Stock #024104),A6AEAD76D0A1E3997B544981DD45E1C4
metestrus/220812_NSW049_Met_EY.png,Goard,10X,Shorr Stain,Mouse,Slc7a7-cre (Jax Stock #023527) x TITL-GCAMP6s (Jax Stock #024104),B0B894451B701F999695A9C56CFA3523
metestrus/220812_NSW049_Unstained_EY.png,Goard,10X,No Stain,Mouse,Slc7a7-cre (Jax Stock #023527) x TITL-GCAMP6s (Jax Stock #024104),6FB6BD49805077A30CC5478D8478079D
metestrus/220817_NSW051_Met_EY.png,Goard,10X,Shorr Stain,Mouse,Slc7a7-cre (Jax Stock #023527) x TITL-GCAMP6s (Jax Stock #024104),8508565AD0D57AF38876536872E5CB7C
metestrus/220817_NSW051_Unstained_EY.png,Goard,10X,No Stain,Mouse,Slc7a7-cre (Jax Stock #023527) x TITL-GCAMP6s (Jax Stock #024104),9B64EAD6470713BAFB6AF6D99C1EA6C2
