Files,SourceLab,Magnification,Stain,Species,Strain,md5
proestrus/200703_Thy1L1_Pro.bmp,Goard,10X,H&E,Mouse,Thy1-GFP-M (Jax Stock #007788),C89A3880150C2366873950A7F25AD1E6
proestrus/200728_WTR038_Pro.bmp,Goard,10X,H&E,Mouse,Thy1-GFP-M (Jax Stock #007788),CCA75BE033B7A5D4F150931E173FB382
proestrus/200731_Thy1L1_Pro.bmp,Goard,10X,H&E,Mouse,Thy1-GFP-M (Jax Stock #007788),5F104BC00F4AD3BBF99F8AE3A33CE527
proestrus/200804_Thy1L1_Pro.bmp,Goard,10X,H&E,Mouse,Thy1-GFP-M (Jax Stock #007788),3099A9A9F622075F1FA911F4D9B36C09
proestrus/200804_Thy1R1L1_Pro.bmp,Goard,10X,H&E,Mouse,Thy1-GFP-M (Jax Stock #007788),CCBBE767D6CCA21ADF1D3E696E608984
proestrus/200805_Thy1R1_Pro.bmp,Goard,10X,H&E,Mouse,Thy1-GFP-M (Jax Stock #007788),5DF5F6ADCA89F898375FA12180466861
proestrus/200806_WTR038_Pro.bmp,Goard,10X,H&E,Mouse,Thy1-GFP-M (Jax Stock #007788),7E5926F44E510EC398AF2F7169701A7A
proestrus/200807_WTR038_Pro.bmp,Goard,10X,H&E,Mouse,Thy1-GFP-M (Jax Stock #007788),A7B10458F8EA15A1B6EA50C373851F77
proestrus/200809_Thy1R1L1_Pro.bmp,Goard,10X,H&E,Mouse,Thy1-GFP-M (Jax Stock #007788),0C4DD84BCE6CBF766A4BEF6F72BDD57A
proestrus/200810_Thy1R1_Pro.bmp,Goard,10X,H&E,Mouse,Thy1-GFP-M (Jax Stock #007788),1337CDD7495FFB213E465AF1D4237AF1
proestrus/200814_Thy1R1L1_Pro.bmp,Goard,10X,H&E,Mouse,Thy1-GFP-M (Jax Stock #007788),876CBC6BE8486359FD16C99C4396394D
proestrus/200814_WTR038_Pro.bmp,Goard,10X,H&E,Mouse,Thy1-GFP-M (Jax Stock #007788),6ECAF33C9F0DF90C8456E6C290E543D7
proestrus/200815_Thy1L1_Pro.bmp,Goard,10X,H&E,Mouse,Thy1-GFP-M (Jax Stock #007788),D051BF5BA2B45CFDA37F7C9DC14F20E8
proestrus/200816_Thy1R1L1_Pro.bmp,Goard,10X,H&E,Mouse,Thy1-GFP-M (Jax Stock #007788),D936960C17B1B849834F18BAD74BADAD
proestrus/200817_WTR038_Pro.bmp,Goard,10X,H&E,Mouse,Thy1-GFP-M (Jax Stock #007788),79206FB7F4D3066DB59F27460DA9C7A5
proestrus/200820_Thy1R1_Pro.bmp,Goard,10X,H&E,Mouse,Thy1-GFP-M (Jax Stock #007788),617DE95B4C6E103474AAFED5A705BC09
proestrus/200820_Thy1R1l1_Pro.bmp,Goard,10X,H&E,Mouse,Thy1-GFP-M (Jax Stock #007788),73DD90236BD7DF523DC65598045635BA
proestrus/200821_WTR038_Pro.bmp,Goard,10X,H&E,Mouse,Thy1-GFP-M (Jax Stock #007788),F171B7D630CF84DA330FC975D0790A51
proestrus/200825_Thy1L1_Pro.bmp,Goard,10X,H&E,Mouse,Thy1-GFP-M (Jax Stock #007788),F333F49723DD3B70F68F073F1179AD6B
proestrus/200827_WTR017_Pro.bmp,Goard,10X,H&E,Mouse,Thy1-GFP-M (Jax Stock #007788),722E174ED71307363A894605B092D47F
proestrus/200828_NSW003_Pro.bmp,Goard,10X,H&E,Mouse,Thy1-GFP-M (Jax Stock #007788),A650B05CDB5B840EB3F53CFE6C270F58
proestrus/200829_WTR038_Pro.bmp,Goard,10X,H&E,Mouse,Thy1-GFP-M (Jax Stock #007788),68878A586EA2EC0320671623A30471C2
proestrus/200830_Thy1L1_Pro.bmp,Goard,10X,H&E,Mouse,Thy1-GFP-M (Jax Stock #007788),8D6DE7C188F2F2AF141C28F24E4E5490
proestrus/200830_Thy1R1L1_Pro.bmp,Goard,10X,H&E,Mouse,Thy1-GFP-M (Jax Stock #007788),70E99FACB8875D9554A17C7BC360ED71
proestrus/200901_WTR017_Pro.bmp,Goard,10X,H&E,Mouse,Thy1-GFP-M (Jax Stock #007788),1AD2A0B7AEFB114EB740D18C70FAA6AC
proestrus/200903_NSW003_Pro.bmp,Goard,10X,H&E,Mouse,Thy1-GFP-M (Jax Stock #007788),998D2CE60D14E262DD2E37BC4F9B12FE
proestrus/200903_WTR045_Pro.bmp,Goard,10X,H&E,Mouse,Thy1-GFP-M (Jax Stock #007788),C6F130A7FAA1197FE1FE843584D9BA3F
proestrus/200904_Thy1L1_Pro.bmp,Goard,10X,H&E,Mouse,Thy1-GFP-M (Jax Stock #007788),9CF12BB345F18DE94B1085734E7B2F14
proestrus/200904_Thy1R1L1_Pro.bmp,Goard,10X,H&E,Mouse,Thy1-GFP-M (Jax Stock #007788),794523324142C0242E099FB21E5F17AE
proestrus/200904_WTR029_Pro.bmp,Goard,10X,H&E,Mouse,Thy1-GFP-M (Jax Stock #007788),2A183EE945224E3100C6E1B5E8840172
proestrus/200906_WTR038_Pro.bmp,Goard,10X,H&E,Mouse,Thy1-GFP-M (Jax Stock #007788),F24592F7E2321AC8BA9E52BDF4FB838C
proestrus/200906_WTR045_Pro.bmp,Goard,10X,H&E,Mouse,Thy1-GFP-M (Jax Stock #007788),AA56D7890B64B72A31113E5C8D253587
proestrus/200907_WTR045_Pro.bmp,Goard,10X,H&E,Mouse,Thy1-GFP-M (Jax Stock #007788),931B885CF3C4EBDCAD0586C950AF09FE
proestrus/200908_Thy1L1_Pro.bmp,Goard,10X,H&E,Mouse,Thy1-GFP-M (Jax Stock #007788),20FE4FDBCFF08AB24411B353CCB4FDD7
proestrus/200908_Thy1R1L1_Pro.bmp,Goard,10X,H&E,Mouse,Thy1-GFP-M (Jax Stock #007788),4452E34B4FE71C68E750A5482B2B5E6A
proestrus/200910_WTR038_Pro.bmp,Goard,10X,H&E,Mouse,Thy1-GFP-M (Jax Stock #007788),BC698E6AF74BC4DA6488DC09857542F1
proestrus/200914_WTR029_Pro.bmp,Goard,10X,H&E,Mouse,Thy1-GFP-M (Jax Stock #007788),58636739AEB540D8076759D9D274D04E
proestrus/200914_WTR041_Pro.bmp,Goard,10X,H&E,Mouse,Thy1-GFP-M (Jax Stock #007788),93D065AD8B6DBA5C31B300FF70AD497B
proestrus/200914_WTR045_Pro.bmp,Goard,10X,H&E,Mouse,Thy1-GFP-M (Jax Stock #007788),7DD36F527580DD33876F0CA2675EC047
proestrus/200915_WTR045_Pro.bmp,Goard,10X,H&E,Mouse,Thy1-GFP-M (Jax Stock #007788),6162444E81B4CBF9B21FF0DF752BDC31
proestrus/200916_NSW003_Pro.bmp,Goard,10X,H&E,Mouse,Thy1-GFP-M (Jax Stock #007788),BC784526641D82230CB6BDF16AB3D2F3
proestrus/200917_NSW003_Pro.bmp,Goard,10X,H&E,Mouse,Thy1-GFP-M (Jax Stock #007788),067231584D70199879D0DE07EB4604A6
proestrus/200917_WTR041_Pro.bmp,Goard,10X,H&E,Mouse,Thy1-GFP-M (Jax Stock #007788),C8ACABE154849AA3967D79C6F5BC59C2
proestrus/200918_WTR042_Pro.bmp,Goard,10X,H&E,Mouse,Thy1-GFP-M (Jax Stock #007788),0A82BC07FE53273E173EB07F49A7D7C6
proestrus/200919_WTR042_Pro.bmp,Goard,10X,H&E,Mouse,Thy1-GFP-M (Jax Stock #007788),0BB07CA86A7578C64D924E4FA9CE6CEB
proestrus/200920_WTR029_Pro.bmp,Goard,10X,H&E,Mouse,Thy1-GFP-M (Jax Stock #007788),8B5E99B297E94B313B71C8A8B3BAD74C
proestrus/200921_WTR029_Pro.bmp,Goard,10X,H&E,Mouse,Thy1-GFP-M (Jax Stock #007788),555CE3A6F0F5B2A9E89A77961550E583
proestrus/200923_WTR041_Es.bmp,Goard,10X,H&E,Mouse,Thy1-GFP-M (Jax Stock #007788),E244F1E05AED992E2E7CC14BD3259822
proestrus/200923_WTR041_Pro.bmp,Goard,10X,H&E,Mouse,Thy1-GFP-M (Jax Stock #007788),D361D0616FCB93132A53E716A5C88B79
proestrus/200924_NSW004_Pro.bmp,Goard,10X,H&E,Mouse,Thy1-GFP-M (Jax Stock #007788),F395407851E7E9A614E7847D35C994BB
proestrus/200924_WTR42_Pro.bmp,Goard,10X,H&E,Mouse,Thy1-GFP-M (Jax Stock #007788),F6E98E55C613F87BDEFFF3F734EED788
proestrus/200925_WTR042_Pro.bmp,Goard,10X,H&E,Mouse,Thy1-GFP-M (Jax Stock #007788),5670C412D6F725DCD3B5FF50925C404E
proestrus/200926_WTR041_Pro.bmp,Goard,10X,H&E,Mouse,Thy1-GFP-M (Jax Stock #007788),9DE0AB1BB9981BFC9F97882FC15B037C
proestrus/200926_WTR045_Pro.bmp,Goard,10X,H&E,Mouse,Thy1-GFP-M (Jax Stock #007788),253CBDC0D6EC88FC1C5E6BD8325433A5
proestrus/200927_WTR038_Pro.bmp,Goard,10X,H&E,Mouse,Thy1-GFP-M (Jax Stock #007788),DE87B80E7BD025B3CF9BBA697F800942
proestrus/200927_WTR045_Pro.bmp,Goard,10X,H&E,Mouse,Thy1-GFP-M (Jax Stock #007788),D4FDE77997772C8368189DF58C9FE3F9
proestrus/200930_WTR041_Pro.bmp,Goard,10X,H&E,Mouse,Thy1-GFP-M (Jax Stock #007788),7CFABD9054527D57EE9F37A9C0B7E1F2
proestrus/201004_WTR042_Pro.bmp,Goard,10X,H&E,Mouse,Thy1-GFP-M (Jax Stock #007788),864DE22936792756E2586871A42EAAEE
proestrus/201005_NSW003_Pro.bmp,Goard,10X,H&E,Mouse,Thy1-GFP-M (Jax Stock #007788),3E487CEC7F1F641E2075409480F78180
proestrus/201005_NSW004_Pro.bmp,Goard,10X,H&E,Mouse,Thy1-GFP-M (Jax Stock #007788),8C8391C084136653F162289EF0B2654A
proestrus/201006_WTR041_Pro.bmp,Goard,10X,H&E,Mouse,Thy1-GFP-M (Jax Stock #007788),63F07B7A5E50590FED6FED541C1B7659
proestrus/201007PM_WTR045_Pro.bmp,Goard,10X,H&E,Mouse,Thy1-GFP-M (Jax Stock #007788),4967F1D18F665E72ECE6E00CABFD645F
proestrus/201007_WTR045_Pro.bmp,Goard,10X,H&E,Mouse,Thy1-GFP-M (Jax Stock #007788),66430740A5F8465719572B03E0929A24
proestrus/201008_WTR045_Pro.bmp,Goard,10X,H&E,Mouse,Thy1-GFP-M (Jax Stock #007788),2DC5B821E220C9F0C8495806F9405894
proestrus/201009PM_NSW003_Pro.bmp,Goard,10X,H&E,Mouse,Thy1-GFP-M (Jax Stock #007788),A0C9D41B2F46FEE9FEA3D112ED50DCFD
proestrus/201009_WTR041_Pro.jpg,Goard,10X,H&E,Mouse,Thy1-GFP-M (Jax Stock #007788),BFED95B3BAE92B96D05D78F484F40A2F
proestrus/201010PM_NSW003_Pro.bmp,Goard,10X,H&E,Mouse,Thy1-GFP-M (Jax Stock #007788),25C6DF8D610E6C73196444A0EF08F8E7
proestrus/201010PM_WTR041_Pro.bmp,Goard,10X,H&E,Mouse,Thy1-GFP-M (Jax Stock #007788),66E37752CFE61002F717410AA52533F5
proestrus/201010_NSW003_Pro.bmp,Goard,10X,H&E,Mouse,Thy1-GFP-M (Jax Stock #007788),CBAD301777A12F9C8A6CD0D5E0FAD399
proestrus/201010_WTR041_Di_Pro.bmp,Goard,10X,H&E,Mouse,Thy1-GFP-M (Jax Stock #007788),47BF40FF6EF406671DA6B2BDAC10616C
proestrus/201012_WTR045_Pro.bmp,Goard,10X,H&E,Mouse,Thy1-GFP-M (Jax Stock #007788),E0DCCF04411644ABD3513FAC1CD37B3E
proestrus/201013PM_NSW003_Pro.bmp,Goard,10X,H&E,Mouse,Thy1-GFP-M (Jax Stock #007788),783934E12B99EDDFB9145EC4635FC635
proestrus/201013_NSW004_Pro.bmp,Goard,10X,H&E,Mouse,Thy1-GFP-M (Jax Stock #007788),A54307A4FA2531539B7B9D30CC7928B3
proestrus/201014_WTR038_Pro.bmp,Goard,10X,H&E,Mouse,Thy1-GFP-M (Jax Stock #007788),59927796B6A95982CC2F8A208C002421
proestrus/201014_WTR041_Pro.bmp,Goard,10X,H&E,Mouse,Thy1-GFP-M (Jax Stock #007788),E54A245F1676F25DEE643783889DF128
proestrus/201014_WTR042_Di_Pro.bmp,Goard,10X,H&E,Mouse,Thy1-GFP-M (Jax Stock #007788),FACA1222A95DC7A6765748277016992D
proestrus/201015_WTR045_Pro.bmp,Goard,10X,H&E,Mouse,Thy1-GFP-M (Jax Stock #007788),E31BA28733609AF56BE53362259FD2DD
proestrus/201021_WTR042_Pro.jpg,Goard,10X,Shorr Stain,Mouse,Slc7a7-cre (Jax Stock #023527) x TITL-GCAMP6s (Jax Stock #024104),7FB7163AC15CBFBAAD63A8D6E438859A
proestrus/201021_WTR045_Pro.jpg,Goard,10X,Shorr Stain,Mouse,Slc7a7-cre (Jax Stock #023527) x TITL-GCAMP6s (Jax Stock #024104),7967224F6A356C787244A0BEC5FDB93A
proestrus/201022_NSW003_Pro.jpg,Goard,10X,Shorr Stain,Mouse,Slc7a7-cre (Jax Stock #023527) x TITL-GCAMP6s (Jax Stock #024104),3E62B75ACC6F6593AFE6C518C5959F78
proestrus/201023_WTR041_Pro.jpg,Goard,10X,Shorr Stain,Mouse,Slc7a7-cre (Jax Stock #023527) x TITL-GCAMP6s (Jax Stock #024104),E94DAABB99F91F5D2EBB2B7FAC3F8F33
proestrus/201025_WTR045_Pro.jpg,Goard,10X,Shorr Stain,Mouse,Slc7a7-cre (Jax Stock #023527) x TITL-GCAMP6s (Jax Stock #024104),EE34F4B1168B2A4C44350E22B98B0783
proestrus/201030_NSW003_Pro.jpg,Goard,10X,Shorr Stain,Mouse,Slc7a7-cre (Jax Stock #023527) x TITL-GCAMP6s (Jax Stock #024104),2B39EDE28366EAC5B04271043CC6EA7A
proestrus/201031_WTR042_Pro.jpg,Goard,10X,Shorr Stain,Mouse,Slc7a7-cre (Jax Stock #023527) x TITL-GCAMP6s (Jax Stock #024104),486A63C7935FBB9F343C685919B8CC22
proestrus/201102_NSW004_Pro.jpg,Goard,10X,Shorr Stain,Mouse,Slc7a7-cre (Jax Stock #023527) x TITL-GCAMP6s (Jax Stock #024104),F3D1890E4A70FF28788C1315A0C59B80
proestrus/201102_WTR041_Pro.jpg,Goard,10X,Shorr Stain,Mouse,Slc7a7-cre (Jax Stock #023527) x TITL-GCAMP6s (Jax Stock #024104),0E7C3783307C5ABD9D03E5903CC971CA
proestrus/201106_WTR041_Pro.jpg,Goard,10X,Shorr Stain,Mouse,Slc7a7-cre (Jax Stock #023527) x TITL-GCAMP6s (Jax Stock #024104),7A1D1F62F6CA6BF6A2877B94DF1891CA
proestrus/201106_WTR042_Pro.jpg,Goard,10X,Shorr Stain,Mouse,Slc7a7-cre (Jax Stock #023527) x TITL-GCAMP6s (Jax Stock #024104),0414D00A4E4CAF8DD1EF5C63CCDCF7D5
proestrus/201110_WTR042_Pro.jpg,Goard,10X,Shorr Stain,Mouse,Slc7a7-cre (Jax Stock #023527) x TITL-GCAMP6s (Jax Stock #024104),8002D1B95438B3F374C6CFE32557C935
proestrus/201111_NSW003_Pro.jpg,Goard,10X,Shorr Stain,Mouse,Slc7a7-cre (Jax Stock #023527) x TITL-GCAMP6s (Jax Stock #024104),564CDB63C98B6080F14122ABE3DE4FC5
proestrus/201112_WTR041_Pro.jpg,Goard,10X,Shorr Stain,Mouse,Slc7a7-cre (Jax Stock #023527) x TITL-GCAMP6s (Jax Stock #024104),96CFF91BC8D498103FCE94E36F3527E2
proestrus/201114PM_NSW003_Pro.jpg,Goard,10X,Shorr Stain,Mouse,Slc7a7-cre (Jax Stock #023527) x TITL-GCAMP6s (Jax Stock #024104),1A3BB87FD37BD2C847D12CBEF05FF621
proestrus/201114PM_NSW004_Pro.jpg,Goard,10X,Shorr Stain,Mouse,Slc7a7-cre (Jax Stock #023527) x TITL-GCAMP6s (Jax Stock #024104),4071D3EB80908DFFAB462FE463765868
proestrus/201115PM_NSW003_Pro.jpg,Goard,10X,Shorr Stain,Mouse,Slc7a7-cre (Jax Stock #023527) x TITL-GCAMP6s (Jax Stock #024104),1E408A69F225C6A8C67C5D4648FCFA45
proestrus/201115_NSW003_Pro.jpg,Goard,10X,Shorr Stain,Mouse,Slc7a7-cre (Jax Stock #023527) x TITL-GCAMP6s (Jax Stock #024104),650652EFAB75E22FA3846AF68300A2C9
proestrus/201124_WTR051_Pro.jpg,Goard,10X,Shorr Stain,Mouse,Slc7a7-cre (Jax Stock #023527) x TITL-GCAMP6s (Jax Stock #024104),5D751B5C43E1515C8AC3930E0C22A799
proestrus/201127PM_WTR041_Pro.jpg,Goard,10X,Shorr Stain,Mouse,Slc7a7-cre (Jax Stock #023527) x TITL-GCAMP6s (Jax Stock #024104),62B7B7AE8EF2F71310F2CFBD7F641262
proestrus/201127PM_WTR052_Pro.jpg,Goard,10X,Shorr Stain,Mouse,Slc7a7-cre (Jax Stock #023527) x TITL-GCAMP6s (Jax Stock #024104),CDF46CFCB132949E2E09A9CDF07C5554
proestrus/201127_WTR041_Pro.jpg,Goard,10X,Shorr Stain,Mouse,Slc7a7-cre (Jax Stock #023527) x TITL-GCAMP6s (Jax Stock #024104),F46423073A1328F8B6467527F3C60426
proestrus/201127_WTR052_Pro.jpg,Goard,10X,Shorr Stain,Mouse,Slc7a7-cre (Jax Stock #023527) x TITL-GCAMP6s (Jax Stock #024104),9A90B3FAB79029D5206DD24E923D73BC
proestrus/201128PM_WTR042_Pro.jpg,Goard,10X,Shorr Stain,Mouse,Slc7a7-cre (Jax Stock #023527) x TITL-GCAMP6s (Jax Stock #024104),4EE02EF596523DE694743FBA6C3B021A
proestrus/201128PM_WTR051_Pro.jpg,Goard,10X,Shorr Stain,Mouse,Slc7a7-cre (Jax Stock #023527) x TITL-GCAMP6s (Jax Stock #024104),D1D6194BE7224CE3620DC63EE0BFAE6B
proestrus/201128_WTR041_Pro.jpg,Goard,10X,Shorr Stain,Mouse,Slc7a7-cre (Jax Stock #023527) x TITL-GCAMP6s (Jax Stock #024104),CF649E79C376F2AE841DEFEDB5D62734
proestrus/201128_WTR051_Pro.jpg,Goard,10X,Shorr Stain,Mouse,Slc7a7-cre (Jax Stock #023527) x TITL-GCAMP6s (Jax Stock #024104),62DBDA4F776626DBC2FFEDAD7FA79940
proestrus/201202PM_WTR041_Pro.jpg,Goard,10X,Shorr Stain,Mouse,Slc7a7-cre (Jax Stock #023527) x TITL-GCAMP6s (Jax Stock #024104),DD7F0074D449D0AD8A66206CD6E64D8F
proestrus/201202_WTR052_Pro.jpg,Goard,10X,Shorr Stain,Mouse,Slc7a7-cre (Jax Stock #023527) x TITL-GCAMP6s (Jax Stock #024104),1D782BA85BC3FE81206E523EA0BB2DD9
proestrus/201203PM_WTR042_Pro.jpg,Goard,10X,Shorr Stain,Mouse,Slc7a7-cre (Jax Stock #023527) x TITL-GCAMP6s (Jax Stock #024104),6F85FB98C5A9E9DFA63E827B9F48C901
proestrus/201203PM_WTR051_Pro.jpg,Goard,10X,Shorr Stain,Mouse,Slc7a7-cre (Jax Stock #023527) x TITL-GCAMP6s (Jax Stock #024104),58D21EDCCFF61BFA75B1E56BCBD56B1C
proestrus/201203PM_WTR052_Pro.jpg,Goard,10X,Shorr Stain,Mouse,Slc7a7-cre (Jax Stock #023527) x TITL-GCAMP6s (Jax Stock #024104),F2F4C3F78D6529FECDB6366CCAA1C71C
proestrus/201203_WTR041_Pro.jpg,Goard,10X,Shorr Stain,Mouse,Slc7a7-cre (Jax Stock #023527) x TITL-GCAMP6s (Jax Stock #024104),EB4C6796F989438F8C4A3DD93EFE0DD3
proestrus/201203_WTR042_Pro.jpg,Goard,10X,Shorr Stain,Mouse,Slc7a7-cre (Jax Stock #023527) x TITL-GCAMP6s (Jax Stock #024104),E1D11A7A76102CBE79BD2B095590745A
proestrus/201203_WTR052_Pro.jpg,Goard,10X,Shorr Stain,Mouse,Slc7a7-cre (Jax Stock #023527) x TITL-GCAMP6s (Jax Stock #024104),D580A9EBA6E0F421DA8AD8BF19DB1CAC
proestrus/201204PM_WTR052_Pro.jpg,Goard,10X,Shorr Stain,Mouse,Slc7a7-cre (Jax Stock #023527) x TITL-GCAMP6s (Jax Stock #024104),F00A0CB413C46C1BE74D1B7BE3DD6005
proestrus/201204_WTR052_Pro.jpg,Goard,10X,Shorr Stain,Mouse,Slc7a7-cre (Jax Stock #023527) x TITL-GCAMP6s (Jax Stock #024104),AF8E3F70CA7A54007C32E3E76A029804
proestrus/210117_WTR045_Pro.png,Goard,10X,Shorr Stain,Mouse,Slc7a7-cre (Jax Stock #023527) x TITL-GCAMP6s (Jax Stock #024104),275900547B38B4899228E494E78693F9
proestrus/210119_WTR044_Pro.png,Goard,10X,Shorr Stain,Mouse,Slc7a7-cre (Jax Stock #023527) x TITL-GCAMP6s (Jax Stock #024104),63A979CFB7A2EAFEE46D336515539973
proestrus/210120_WTR045_Pro.png,Goard,10X,Shorr Stain,Mouse,Slc7a7-cre (Jax Stock #023527) x TITL-GCAMP6s (Jax Stock #024104),26A9093A1661120AB6910D3D8D25894A
proestrus/210125_WTR044_Pro.png,Goard,10X,Shorr Stain,Mouse,Slc7a7-cre (Jax Stock #023527) x TITL-GCAMP6s (Jax Stock #024104),575FAD1D9AF1AECC3DF8178DE98479EF
proestrus/210127_WTR045_Pro.png,Goard,10X,Shorr Stain,Mouse,Slc7a7-cre (Jax Stock #023527) x TITL-GCAMP6s (Jax Stock #024104),845FDB3C9D84E782F0EA8C46CA64CE67
proestrus/210129_WTR044_Pro.png,Goard,10X,Shorr Stain,Mouse,Slc7a7-cre (Jax Stock #023527) x TITL-GCAMP6s (Jax Stock #024104),8BE9F644212B8961ADED3342DE9762B8
proestrus/210201_WTR045_Pro.png,Goard,10X,Shorr Stain,Mouse,Slc7a7-cre (Jax Stock #023527) x TITL-GCAMP6s (Jax Stock #024104),A711A3C7ED510B6C84C03A0B1318CB44
proestrus/210203_NSW009_Pro.png,Goard,10X,Shorr Stain,Mouse,Slc7a7-cre (Jax Stock #023527) x TITL-GCAMP6s (Jax Stock #024104),F5FBEB246279588776E8DE9ECC80A50A
proestrus/210203_WTR044_Pro.png,Goard,10X,Shorr Stain,Mouse,Slc7a7-cre (Jax Stock #023527) x TITL-GCAMP6s (Jax Stock #024104),4470A8685DC63CAAD38E26A9A292BE39
proestrus/210208_NSW009_Pro.png,Goard,10X,Shorr Stain,Mouse,Slc7a7-cre (Jax Stock #023527) x TITL-GCAMP6s (Jax Stock #024104),376E7719259A229DC3760CCF154589DA
proestrus/210208_WTR045_Pro.png,Goard,10X,Shorr Stain,Mouse,Slc7a7-cre (Jax Stock #023527) x TITL-GCAMP6s (Jax Stock #024104),DF686A77640B815DC5870F43CEC0CC15
proestrus/210209_WTR044_Pro.png,Goard,10X,Shorr Stain,Mouse,Slc7a7-cre (Jax Stock #023527) x TITL-GCAMP6s (Jax Stock #024104),704E2F24F22B91A398F3577B286C8658
proestrus/210210_WTR045_Pro.png,Goard,10X,Shorr Stain,Mouse,Slc7a7-cre (Jax Stock #023527) x TITL-GCAMP6s (Jax Stock #024104),849560F53D3DD97E940EFE03BAE82762
proestrus/210225_WTR045_Pro.png,Goard,10X,Shorr Stain,Mouse,Slc7a7-cre (Jax Stock #023527) x TITL-GCAMP6s (Jax Stock #024104),C4C3081298982B45BCDF6C5296290107
proestrus/210226_NSW010_Pro.png,Goard,10X,Shorr Stain,Mouse,Slc7a7-cre (Jax Stock #023527) x TITL-GCAMP6s (Jax Stock #024104),793778A022BA23A239DFA40D54A0A5DE
proestrus/210227_WTR044_Pro.png,Goard,10X,Shorr Stain,Mouse,Slc7a7-cre (Jax Stock #023527) x TITL-GCAMP6s (Jax Stock #024104),C595DAD4B514380AC10D8BAA9ED4FC42
proestrus/210301_WTR056_Pro.png,Goard,10X,Shorr Stain,Mouse,Slc7a7-cre (Jax Stock #023527) x TITL-GCAMP6s (Jax Stock #024104),E919D0581F249849CD8D08E7F41CFCD2
proestrus/210302_WTR056_Pro.png,Goard,10X,Shorr Stain,Mouse,Slc7a7-cre (Jax Stock #023527) x TITL-GCAMP6s (Jax Stock #024104),225C115A95CD0C1A20A043BDDFA3913B
proestrus/210302_WTR058_Pro.png,Goard,10X,Shorr Stain,Mouse,Slc7a7-cre (Jax Stock #023527) x TITL-GCAMP6s (Jax Stock #024104),DEB1C6F733A94ACFABFE2D62FFA400C2
proestrus/210304_WTR045_Pro.png,Goard,10X,Shorr Stain,Mouse,Slc7a7-cre (Jax Stock #023527) x TITL-GCAMP6s (Jax Stock #024104),243EE6BEC8E6A3974C80A05AC5F32DC5
proestrus/210305_WTR056_Pro.png,Goard,10X,Shorr Stain,Mouse,Slc7a7-cre (Jax Stock #023527) x TITL-GCAMP6s (Jax Stock #024104),AF5BA097EF9EF30BCC3C86DC727BB796
proestrus/210306_NSW010_Pro.png,Goard,10X,Shorr Stain,Mouse,Slc7a7-cre (Jax Stock #023527) x TITL-GCAMP6s (Jax Stock #024104),A16BB6F8B354C7457971CEA84E84CBB1
proestrus/210308_NSW010_Pro.png,Goard,10X,Shorr Stain,Mouse,Slc7a7-cre (Jax Stock #023527) x TITL-GCAMP6s (Jax Stock #024104),51E29036B9340672926B80B7C211B2DA
proestrus/210309_NSW010_Pro.png,Goard,10X,Shorr Stain,Mouse,Slc7a7-cre (Jax Stock #023527) x TITL-GCAMP6s (Jax Stock #024104),EDB4D4DB7BA9FF4E57060B35F609ED53
proestrus/210309_WTR056_Pro.png,Goard,10X,Shorr Stain,Mouse,Slc7a7-cre (Jax Stock #023527) x TITL-GCAMP6s (Jax Stock #024104),703D91660277660014E8B38660722467
proestrus/210401_NSW007_Pro.png,Goard,10X,Shorr Stain,Mouse,Slc7a7-cre (Jax Stock #023527) x TITL-GCAMP6s (Jax Stock #024104),AB735B4EA4BBAC95B46E4CB66E3E4069
proestrus/210404_WTR052_Pro.png,Goard,10X,Shorr Stain,Mouse,Slc7a7-cre (Jax Stock #023527) x TITL-GCAMP6s (Jax Stock #024104),B3E677A8C63F06C53225DE26673B3D99
proestrus/210405_NSW007_Pro.png,Goard,10X,Shorr Stain,Mouse,Slc7a7-cre (Jax Stock #023527) x TITL-GCAMP6s (Jax Stock #024104),C85DEBC7C1B8E221FAF485DB37DC6EBB
proestrus/210426_NSW012_Pr_MEK.png,Goard,10X,Shorr Stain,Mouse,Slc7a7-cre (Jax Stock #023527) x TITL-GCAMP6s (Jax Stock #024104),946E18297238276444E0344FDEE7A847
proestrus/210501_NSW016_Pr_MEK.png,Goard,10X,Shorr Stain,Mouse,Slc7a7-cre (Jax Stock #023527) x TITL-GCAMP6s (Jax Stock #024104),CAB498E7FD319C2C3434453FEDEB1A1F
proestrus/210502_NSW016_Pr_MEK.png,Goard,10X,Shorr Stain,Mouse,Slc7a7-cre (Jax Stock #023527) x TITL-GCAMP6s (Jax Stock #024104),11A6F0FB2A20F728ABC528838C6DBB4E
proestrus/210503_NSW016_Pr_MEK.png,Goard,10X,Shorr Stain,Mouse,Slc7a7-cre (Jax Stock #023527) x TITL-GCAMP6s (Jax Stock #024104),BC54351EFBA384D4D4CDC300C480AFEA
proestrus/210508_NSW016_Pr_MEK.png,Goard,10X,Shorr Stain,Mouse,Slc7a7-cre (Jax Stock #023527) x TITL-GCAMP6s (Jax Stock #024104),E573E7B7E55C620389276DF6E1BC8501
proestrus/210509_NSW012_Me_MEK.png,Goard,10X,Shorr Stain,Mouse,Slc7a7-cre (Jax Stock #023527) x TITL-GCAMP6s (Jax Stock #024104),96D34DF6F088F52B3E3D732998BFFA0C
proestrus/210513_NSW018_Pr_MEK.png,Goard,10X,Shorr Stain,Mouse,Slc7a7-cre (Jax Stock #023527) x TITL-GCAMP6s (Jax Stock #024104),C65007087F2CE34CF102E6F438E7B015
proestrus/210514_NSW018_Pr_MEK.png,Goard,10X,Shorr Stain,Mouse,Slc7a7-cre (Jax Stock #023527) x TITL-GCAMP6s (Jax Stock #024104),27C2B21F160CF8AB83421E9D0679E9DA
proestrus/210516_NSW016_Pr_MEK.png,Goard,10X,Shorr Stain,Mouse,Slc7a7-cre (Jax Stock #023527) x TITL-GCAMP6s (Jax Stock #024104),C98F4E262E04BDB3D8845703FAA95E46
proestrus/210516_NSW018_Pr_MEK.png,Goard,10X,Shorr Stain,Mouse,Slc7a7-cre (Jax Stock #023527) x TITL-GCAMP6s (Jax Stock #024104),A3DBE3A3B444F04F6EA32A0C828A9032
proestrus/210519_NSW018_Pr_MEK.png,Goard,10X,Shorr Stain,Mouse,Slc7a7-cre (Jax Stock #023527) x TITL-GCAMP6s (Jax Stock #024104),2C624901B1F3DA68A8ED2D424D1508D3
proestrus/210520_NSW016_Pr_MEK.png,Goard,10X,Shorr Stain,Mouse,Slc7a7-cre (Jax Stock #023527) x TITL-GCAMP6s (Jax Stock #024104),AB15BFA85318B7B50D7041F9B7EA799A
proestrus/210529_NSW016_Pro.png,Goard,10X,Shorr Stain,Mouse,Slc7a7-cre (Jax Stock #023527) x TITL-GCAMP6s (Jax Stock #024104),6281092E80261CA05EDF128D003826C5
proestrus/220329_NSW024_Pr_ENY.png,Goard,10X,Shorr Stain,Mouse,Slc7a7-cre (Jax Stock #023527) x TITL-GCAMP6s (Jax Stock #024104),72E603BA6437D4F8C9EF208C8E7F77F3
proestrus/220330_SC_L1_Pro_SR.png,Goard,10X,Shorr Stain,Mouse,Slc7a7-cre (Jax Stock #023527) x TITL-GCAMP6s (Jax Stock #024104),BB7E1FA79EFEA732B79029BB1B7F3217
proestrus/220331_NSW024_Pro_SR.png,Goard,10X,Shorr Stain,Mouse,Slc7a7-cre (Jax Stock #023527) x TITL-GCAMP6s (Jax Stock #024104),23FD2CE9D0FB1580EF2FB8A89CE1C7A3
proestrus/220401_NSW024_Pro_ENY.png,Goard,10X,Shorr Stain,Mouse,Slc7a7-cre (Jax Stock #023527) x TITL-GCAMP6s (Jax Stock #024104),3866292B8B9589E3B8D5CD5DF5ED761E
proestrus/220401_NSW030_Pro_MEK.png,Goard,10X,Shorr Stain,Mouse,Slc7a7-cre (Jax Stock #023527) x TITL-GCAMP6s (Jax Stock #024104),FE64A7D53E0D1B1D6BC350045FE99601
proestrus/220404_L1R1_Pro_EY.png,Goard,10X,Shorr Stain,Mouse,Slc7a7-cre (Jax Stock #023527) x TITL-GCAMP6s (Jax Stock #024104),F462C40151D7E61C698047B81AC18A32
proestrus/220411_NSW024_Pro_SR.png,Goard,10X,Shorr Stain,Mouse,Slc7a7-cre (Jax Stock #023527) x TITL-GCAMP6s (Jax Stock #024104),FF1562222546217E5A0D2881F97E0C7C
proestrus/220411_NSW036_Pro_EY.png,Goard,10X,Shorr Stain,Mouse,Slc7a7-cre (Jax Stock #023527) x TITL-GCAMP6s (Jax Stock #024104),1D4401D7F69866269368930318129166
proestrus/220412_NSW024_Pro_SR.png,Goard,10X,Shorr Stain,Mouse,Slc7a7-cre (Jax Stock #023527) x TITL-GCAMP6s (Jax Stock #024104),8E667439CD6A42BDE3FB19DED9C0D758
proestrus/220413_SC_L1_Pro_SR.png,Goard,10X,Shorr Stain,Mouse,Slc7a7-cre (Jax Stock #023527) x TITL-GCAMP6s (Jax Stock #024104),21595B1B036DE8EC7FA0D97A576D4614
proestrus/220418_SC_L1R1_Pro_EY.png,Goard,10X,Shorr Stain,Mouse,Slc7a7-cre (Jax Stock #023527) x TITL-GCAMP6s (Jax Stock #024104),5BBCD769E31150CE6F921F842DC8C4C3
proestrus/220418_SC_L1_Pro_EY.png,Goard,10X,Shorr Stain,Mouse,Slc7a7-cre (Jax Stock #023527) x TITL-GCAMP6s (Jax Stock #024104),23D3670FE8203E2391EF40B70EF6F319
proestrus/220418_SC_R2_Pro_EY.png,Goard,10X,Shorr Stain,Mouse,Slc7a7-cre (Jax Stock #023527) x TITL-GCAMP6s (Jax Stock #024104),08150C424D27E2A112AAD9EA4147188F
proestrus/220419_NSW056_Pr_MK.png,Goard,10X,Shorr Stain,Mouse,Slc7a7-cre (Jax Stock #023527) x TITL-GCAMP6s (Jax Stock #024104),D4C6E1FE0858829D982B32407B2590D4
proestrus/220419_SC_L1R1_Pro_MK.png,Goard,10X,Shorr Stain,Mouse,Slc7a7-cre (Jax Stock #023527) x TITL-GCAMP6s (Jax Stock #024104),3E607C9C82CB7C3AB65AE22C6AAF8235
proestrus/220422_SC_L1_Pro_EY.png,Goard,10X,Shorr Stain,Mouse,Slc7a7-cre (Jax Stock #023527) x TITL-GCAMP6s (Jax Stock #024104),8DB4F7C9CF830016238FE6511B91C197
proestrus/220426_NSW056_Pro_MK.png,Goard,10X,Shorr Stain,Mouse,Slc7a7-cre (Jax Stock #023527) x TITL-GCAMP6s (Jax Stock #024104),505506E1FD067DBB43F915F5391F9EEC
proestrus/220426_SC_L1_Pro_MK.png,Goard,10X,Shorr Stain,Mouse,Slc7a7-cre (Jax Stock #023527) x TITL-GCAMP6s (Jax Stock #024104),87B22167E3557E3E35290FFA777CE15C
proestrus/220427_SC_L1_Pr_MK.png,Goard,10X,Shorr Stain,Mouse,Slc7a7-cre (Jax Stock #023527) x TITL-GCAMP6s (Jax Stock #024104),6C593F4B7C8C4367F8E8D7FD9F69DCC9
proestrus/220427_SC_R2_Pro_MK.png,Goard,10X,Shorr Stain,Mouse,Slc7a7-cre (Jax Stock #023527) x TITL-GCAMP6s (Jax Stock #024104),53D76B9F5B26C4DE23161620CBF4E795
proestrus/220502_SC_L1_Pro_WC.png,Goard,10X,Shorr Stain,Mouse,Slc7a7-cre (Jax Stock #023527) x TITL-GCAMP6s (Jax Stock #024104),767168C47F4CCE57CDBEE480688272D3
proestrus/220503_NSW036_Pro_EY.png,Goard,10X,Shorr Stain,Mouse,Slc7a7-cre (Jax Stock #023527) x TITL-GCAMP6s (Jax Stock #024104),B63C185DC6B6381A653E063C24B8D0D4
proestrus/220510_NSW045_Pro_MK.png,Goard,10X,Shorr Stain,Mouse,Slc7a7-cre (Jax Stock #023527) x TITL-GCAMP6s (Jax Stock #024104),AFC508C59013E1CAFBE56A0F0753A2E7
proestrus/220510_NSW045_Unstained_MK.png,Goard,10X,No Stain,Mouse,Slc7a7-cre (Jax Stock #023527) x TITL-GCAMP6s (Jax Stock #024104),54832D94C6FF1F21FB9C5AC0F33276BC
proestrus/220512_NSW056_Pro_WC.png,Goard,10X,Shorr Stain,Mouse,Slc7a7-cre (Jax Stock #023527) x TITL-GCAMP6s (Jax Stock #024104),9D8C8F746CDC090B37EA3D8DE58BC45B
proestrus/220512_NSW056_Unstained_MK.png,Goard,10X,No Stain,Mouse,Slc7a7-cre (Jax Stock #023527) x TITL-GCAMP6s (Jax Stock #024104),6E17002CEE88860E82A2D9059AFA039C
proestrus/220512_SC_L1R1_Pro_WC.png,Goard,10X,Shorr Stain,Mouse,Slc7a7-cre (Jax Stock #023527) x TITL-GCAMP6s (Jax Stock #024104),6864FD87F8F1C5ED992A1A0254A84564
proestrus/220512_SC_L1R1_Unstained_MK.png,Goard,10X,No Stain,Mouse,Slc7a7-cre (Jax Stock #023527) x TITL-GCAMP6s (Jax Stock #024104),005DBF40930B9FC7C38AD9B94CD8DBA1
proestrus/220512_SC_L1_Pro_WC.png,Goard,10X,Shorr Stain,Mouse,Slc7a7-cre (Jax Stock #023527) x TITL-GCAMP6s (Jax Stock #024104),D12007C8719AD0FE8D3EC3ED910D6714
proestrus/220512_SC_L1_Unstained_MK.png,Goard,10X,No Stain,Mouse,Slc7a7-cre (Jax Stock #023527) x TITL-GCAMP6s (Jax Stock #024104),0FC1C90B15E433D50964781E8E7EF489
proestrus/220516_NSW045_Pro_WC.png,Goard,10X,Shorr Stain,Mouse,Slc7a7-cre (Jax Stock #023527) x TITL-GCAMP6s (Jax Stock #024104),15F5A05419ADEA0E4CE2FB4EE69EAE0C
proestrus/220516_NSW045_Unstained_WC.png,Goard,10X,No Stain,Mouse,Slc7a7-cre (Jax Stock #023527) x TITL-GCAMP6s (Jax Stock #024104),8537A645CE60E4E3E58E1DFBEAB75FAF
proestrus/220517_L1R1_Pro_WC.png,Goard,10X,Shorr Stain,Mouse,Slc7a7-cre (Jax Stock #023527) x TITL-GCAMP6s (Jax Stock #024104),4E602AFB68F2E8F04A83CBAC878FF741
proestrus/220518_SC_R2_Pro_WC.png,Goard,10X,Shorr Stain,Mouse,Slc7a7-cre (Jax Stock #023527) x TITL-GCAMP6s (Jax Stock #024104),21BF02B23CC2F8A54AE1F85009588B78
proestrus/220518_SC_R2_Unstained_WC.png,Goard,10X,No Stain,Mouse,Slc7a7-cre (Jax Stock #023527) x TITL-GCAMP6s (Jax Stock #024104),10AFD696A72FE8BD3CE593D7C4E52DC8
proestrus/220520_NSW056_Pro_EY.png,Goard,10X,Shorr Stain,Mouse,Slc7a7-cre (Jax Stock #023527) x TITL-GCAMP6s (Jax Stock #024104),7C055FA94227FD7055B90699ECF9001D
proestrus/220520_NSW056_Unstained_EY.png,Goard,10X,No Stain,Mouse,Slc7a7-cre (Jax Stock #023527) x TITL-GCAMP6s (Jax Stock #024104),4D57F73C60193C622ED77A10436102BE
proestrus/220520_SC_L1_Pro_EY.png,Goard,10X,Shorr Stain,Mouse,Slc7a7-cre (Jax Stock #023527) x TITL-GCAMP6s (Jax Stock #024104),9874045ACD15A724319D9D335B69BF00
proestrus/220520_SC_L1_Unstained_EY.png,Goard,10X,No Stain,Mouse,Slc7a7-cre (Jax Stock #023527) x TITL-GCAMP6s (Jax Stock #024104),8AE9845F1C0C956B8E1FAE1929D07EBD
proestrus/220522_SC_L1_Pro_SR.png,Goard,10X,Shorr Stain,Mouse,Slc7a7-cre (Jax Stock #023527) x TITL-GCAMP6s (Jax Stock #024104),AEFC2E3678EB7BD4AC94012D74735BBB
proestrus/220523_NSW049_Pro_WC.png,Goard,10X,Shorr Stain,Mouse,Slc7a7-cre (Jax Stock #023527) x TITL-GCAMP6s (Jax Stock #024104),33B6B01DF9D80A15CF213707A4D5E702
proestrus/220523_NSW049_Unstained_WC.png,Goard,10X,No Stain,Mouse,Slc7a7-cre (Jax Stock #023527) x TITL-GCAMP6s (Jax Stock #024104),7AD70516C44B87FE4405901FD57B0395
proestrus/220523_SC_L1_Pro_EY.png,Goard,10X,Shorr Stain,Mouse,Slc7a7-cre (Jax Stock #023527) x TITL-GCAMP6s (Jax Stock #024104),587F52B172309CCFB9A69174B6DD43ED
proestrus/220523_SC_L1_Unstained_WC.png,Goard,10X,No Stain,Mouse,Slc7a7-cre (Jax Stock #023527) x TITL-GCAMP6s (Jax Stock #024104),2F68133A65423EC3D2633E8C982040CC
proestrus/220523_SC_R1L1_Pro_WC.png,Goard,10X,Shorr Stain,Mouse,Slc7a7-cre (Jax Stock #023527) x TITL-GCAMP6s (Jax Stock #024104),7C9795E701AE94640DB9162CD918B2CC
proestrus/220523_SC_R1L1_Unstained_WC.png,Goard,10X,No Stain,Mouse,Slc7a7-cre (Jax Stock #023527) x TITL-GCAMP6s (Jax Stock #024104),E158ED870AB3066335416B3E6DC08866
proestrus/220523_SC_R2_Pro_WC.png,Goard,10X,Shorr Stain,Mouse,Slc7a7-cre (Jax Stock #023527) x TITL-GCAMP6s (Jax Stock #024104),01611B4C56D197CD67063702B753C32A
proestrus/220523_SC_R2_Unstained_WC.png,Goard,10X,No Stain,Mouse,Slc7a7-cre (Jax Stock #023527) x TITL-GCAMP6s (Jax Stock #024104),1AEE285B46B65C4A184BAE64172E409D
proestrus/220524_NSW036_Pro_MK.png,Goard,10X,Shorr Stain,Mouse,Slc7a7-cre (Jax Stock #023527) x TITL-GCAMP6s (Jax Stock #024104),2BF6B869687C8426EF16AEEC47AC7DD8
proestrus/220524_NSW036_Unstained_MK.png,Goard,10X,No Stain,Mouse,Slc7a7-cre (Jax Stock #023527) x TITL-GCAMP6s (Jax Stock #024104),9D28C4181614382575FF3CCFE8C0E93C
proestrus/220525_NSW036_Pro_EY.png,Goard,10X,Shorr Stain,Mouse,Slc7a7-cre (Jax Stock #023527) x TITL-GCAMP6s (Jax Stock #024104),A01E3AB91B7719D77583CD3CFE00BA0C
proestrus/220525_NSW056_Pro_EY.png,Goard,10X,Shorr Stain,Mouse,Slc7a7-cre (Jax Stock #023527) x TITL-GCAMP6s (Jax Stock #024104),3FADD68BECC847BE9562B58942B94935
proestrus/220526_NSW056_Pro_EY.png,Goard,10X,Shorr Stain,Mouse,Slc7a7-cre (Jax Stock #023527) x TITL-GCAMP6s (Jax Stock #024104),217E1BB64D3A2AB141E70236103F4AAE
proestrus/220526_NSW056_Unstained_MK.png,Goard,10X,No Stain,Mouse,Slc7a7-cre (Jax Stock #023527) x TITL-GCAMP6s (Jax Stock #024104),D73D8CEC7518ABA01A63A12B03A62841
proestrus/220527_NSW036_Pro_EY.png,Goard,10X,Shorr Stain,Mouse,Slc7a7-cre (Jax Stock #023527) x TITL-GCAMP6s (Jax Stock #024104),EDB17C4A0716FB71396528EAF6187E4F
proestrus/220527_NSW036_Unstained_EY.png,Goard,10X,No Stain,Mouse,Slc7a7-cre (Jax Stock #023527) x TITL-GCAMP6s (Jax Stock #024104),056144F021EECB2073B65231F624CDC1
proestrus/220601_NSW047_Pro_EY.png,Goard,10X,Shorr Stain,Mouse,Slc7a7-cre (Jax Stock #023527) x TITL-GCAMP6s (Jax Stock #024104),771C2F38643F3793123D85F449F10C3A
proestrus/220602_NSW045_Pro_EY.png,Goard,10X,Shorr Stain,Mouse,Slc7a7-cre (Jax Stock #023527) x TITL-GCAMP6s (Jax Stock #024104),E48708BB0AB4FACA5AE92D3B6B73BDBE
proestrus/220602_NSW045_Unstained_MK.png,Goard,10X,No Stain,Mouse,Slc7a7-cre (Jax Stock #023527) x TITL-GCAMP6s (Jax Stock #024104),E96EC15FBAB6FA2D125FBD0BC2B0D596
proestrus/220602_SC_L1_Pro_EY.png,Goard,10X,Shorr Stain,Mouse,Slc7a7-cre (Jax Stock #023527) x TITL-GCAMP6s (Jax Stock #024104),1A3FAF9241EE002EFCA3A99269CD140F
proestrus/220602_SC_L1_Unstained_MK.png,Goard,10X,No Stain,Mouse,Slc7a7-cre (Jax Stock #023527) x TITL-GCAMP6s (Jax Stock #024104),0F7D1891AE729ED4BF0252475E9BAEE4
proestrus/220603_SC_L1_Pro_EY.png,Goard,10X,Shorr Stain,Mouse,Slc7a7-cre (Jax Stock #023527) x TITL-GCAMP6s (Jax Stock #024104),18C08B18ECA631E04BA652F05C78FE06
proestrus/220603_SC_L1_Unstained_EY.png,Goard,10X,No Stain,Mouse,Slc7a7-cre (Jax Stock #023527) x TITL-GCAMP6s (Jax Stock #024104),A778D0990918268686834F4B35EC99DB
proestrus/220606_SC_R2_Pro_WC.png,Goard,10X,Shorr Stain,Mouse,Slc7a7-cre (Jax Stock #023527) x TITL-GCAMP6s (Jax Stock #024104),572A54F363CA63792EC02215DF697FEA
proestrus/220606_SC_R2_Unstained_EY.png,Goard,10X,No Stain,Mouse,Slc7a7-cre (Jax Stock #023527) x TITL-GCAMP6s (Jax Stock #024104),3DACD7B3038224153F60A9F219D3F736
proestrus/220608_NSW049_Pro_WC.png,Goard,10X,Shorr Stain,Mouse,Slc7a7-cre (Jax Stock #023527) x TITL-GCAMP6s (Jax Stock #024104),544552DDAFBC64632D6CE7E244E64A66
proestrus/220608_SC_L1_Pro_WC.png,Goard,10X,Shorr Stain,Mouse,Slc7a7-cre (Jax Stock #023527) x TITL-GCAMP6s (Jax Stock #024104),1F827CB5A0A43E64BCDC391588193026
proestrus/220609_SC_L1_Unstained_MK.png,Goard,10X,No Stain,Mouse,Slc7a7-cre (Jax Stock #023527) x TITL-GCAMP6s (Jax Stock #024104),7CB9F95BC736CE4AC678FF5AF6F7734F
proestrus/220614_NSW047_Pro_EY.png,Goard,10X,Shorr Stain,Mouse,Slc7a7-cre (Jax Stock #023527) x TITL-GCAMP6s (Jax Stock #024104),A804528488D65E71C74F93BC8F3B24AE
proestrus/220614_NSW056_Pro_EY.png,Goard,10X,Shorr Stain,Mouse,Slc7a7-cre (Jax Stock #023527) x TITL-GCAMP6s (Jax Stock #024104),C97CD3283BB9DA21B438C9B03B03F50F
proestrus/220614_NSW056_Unstained_MK.png,Goard,10X,No Stain,Mouse,Slc7a7-cre (Jax Stock #023527) x TITL-GCAMP6s (Jax Stock #024104),9C10C09E491B6367A9FD343A49B65FA5
proestrus/220616_NSW036_Pro_EY.png,Goard,10X,Shorr Stain,Mouse,Slc7a7-cre (Jax Stock #023527) x TITL-GCAMP6s (Jax Stock #024104),782E8BFF819B30E69AECAE128CD0067B
proestrus/220616_NSW036_Unstained_MK.png,Goard,10X,No Stain,Mouse,Slc7a7-cre (Jax Stock #023527) x TITL-GCAMP6s (Jax Stock #024104),C6668E00BAE76F7E0AC84402FBBA99D3
proestrus/220616_NSW056_Pro_EY.png,Goard,10X,Shorr Stain,Mouse,Slc7a7-cre (Jax Stock #023527) x TITL-GCAMP6s (Jax Stock #024104),0D1193A1166674B08BBC76ED7E37FECE
proestrus/220616_NSW056_Unstained_MK.png,Goard,10X,No Stain,Mouse,Slc7a7-cre (Jax Stock #023527) x TITL-GCAMP6s (Jax Stock #024104),00E2CEC28151190B554DDD29C9DFF6B3
proestrus/220616_SC_R1L1_Pro_EY.png,Goard,10X,Shorr Stain,Mouse,Slc7a7-cre (Jax Stock #023527) x TITL-GCAMP6s (Jax Stock #024104),ECD4C52868B9A2D4B4F73DD9E99C1253
proestrus/220616_SC_R1L1_Unstained_MK.png,Goard,10X,No Stain,Mouse,Slc7a7-cre (Jax Stock #023527) x TITL-GCAMP6s (Jax Stock #024104),D31D1265651F7E450BDAC464459F6C27
proestrus/220621_NSW047_Pro_EY.png,Goard,10X,Shorr Stain,Mouse,Slc7a7-cre (Jax Stock #023527) x TITL-GCAMP6s (Jax Stock #024104),691B2316DDA48E315C3EA13B4E5516BC
proestrus/220621_NSW047_unstained_MK.png,Goard,10X,No Stain,Mouse,Slc7a7-cre (Jax Stock #023527) x TITL-GCAMP6s (Jax Stock #024104),5C2763FF26544E7D84D1F57C2F083017
proestrus/220621_SC_R1L1_Pro_EY.png,Goard,10X,Shorr Stain,Mouse,Slc7a7-cre (Jax Stock #023527) x TITL-GCAMP6s (Jax Stock #024104),52076D1E22FF004C7699A560D3E9DC56
proestrus/220621_SC_R1L1_Unstained_MK.png,Goard,10X,No Stain,Mouse,Slc7a7-cre (Jax Stock #023527) x TITL-GCAMP6s (Jax Stock #024104),A11E3D69B416E6DBD42544DA31DD2D1F
proestrus/220622_SC_L1_Pro_EY.png,Goard,10X,Shorr Stain,Mouse,Slc7a7-cre (Jax Stock #023527) x TITL-GCAMP6s (Jax Stock #024104),217409E521491D64AD53B2C6BFEA065F
proestrus/220622_SC_L1_Unstained_EY.png,Goard,10X,No Stain,Mouse,Slc7a7-cre (Jax Stock #023527) x TITL-GCAMP6s (Jax Stock #024104),4E1257776E9D75A10E20FE0D72C6B881
proestrus/220623_SC_L1_Pro_EY.png,Goard,10X,Shorr Stain,Mouse,Slc7a7-cre (Jax Stock #023527) x TITL-GCAMP6s (Jax Stock #024104),68D829F2F5F15A50B3BC3FAD1CE6E6B7
proestrus/220623_SC_L1_Unstained_EY.png,Goard,10X,No Stain,Mouse,Slc7a7-cre (Jax Stock #023527) x TITL-GCAMP6s (Jax Stock #024104),1F671F5CC36559849CC2D5C52C707A6B
proestrus/220624_NSW047_Pro_EY.png,Goard,10X,Shorr Stain,Mouse,Slc7a7-cre (Jax Stock #023527) x TITL-GCAMP6s (Jax Stock #024104),9DA5638FF1088EB6813729B7D2F5DB89
proestrus/220624_NSW047_unstained_EY.png,Goard,10X,No Stain,Mouse,Slc7a7-cre (Jax Stock #023527) x TITL-GCAMP6s (Jax Stock #024104),7CD17A8263D42B9B9E62AABE75F8E1FB
proestrus/220624_NSW056_Pro_EY.png,Goard,10X,Shorr Stain,Mouse,Slc7a7-cre (Jax Stock #023527) x TITL-GCAMP6s (Jax Stock #024104),B55BBB328016971E633717D17344CE90
proestrus/220624_NSW056_Unstained_EY.png,Goard,10X,No Stain,Mouse,Slc7a7-cre (Jax Stock #023527) x TITL-GCAMP6s (Jax Stock #024104),E72C6C9C902B107B4DA295F1498D0A9E
proestrus/220628_NSW056_Pro_EY.png,Goard,10X,Shorr Stain,Mouse,Slc7a7-cre (Jax Stock #023527) x TITL-GCAMP6s (Jax Stock #024104),2486B4B0B168F6B689F71166AC8211BD
proestrus/220628_NSW056_Unstained_EY.png,Goard,10X,No Stain,Mouse,Slc7a7-cre (Jax Stock #023527) x TITL-GCAMP6s (Jax Stock #024104),6F4AC6E395F31FB78C76DA4CE67D86E6
proestrus/220628_SC_R1L1_Pro_EY.png,Goard,10X,Shorr Stain,Mouse,Slc7a7-cre (Jax Stock #023527) x TITL-GCAMP6s (Jax Stock #024104),F103D35DDB282248A78F4492D6F52AD7
proestrus/220628_SC_R1L1_Unstained_EY.png,Goard,10X,No Stain,Mouse,Slc7a7-cre (Jax Stock #023527) x TITL-GCAMP6s (Jax Stock #024104),0DF46CF36E6A5F9F3BEBA5735C843628
proestrus/220629_NSW056_Unstained_EY.png,Goard,10X,No Stain,Mouse,Slc7a7-cre (Jax Stock #023527) x TITL-GCAMP6s (Jax Stock #024104),064ABD0BB42B5969ABFFF441AE41A668
proestrus/220629_SC_R1L1_Pro_EY.png,Goard,10X,Shorr Stain,Mouse,Slc7a7-cre (Jax Stock #023527) x TITL-GCAMP6s (Jax Stock #024104),2417F5B731907A787A4ACFA3A468FCE3
proestrus/220629_SC_R1L1_Unstained_EY.png,Goard,10X,No Stain,Mouse,Slc7a7-cre (Jax Stock #023527) x TITL-GCAMP6s (Jax Stock #024104),38DDD86A57199D64C5D3CB634C724C13
proestrus/220629_SC_R2_Pro_EY.png,Goard,10X,Shorr Stain,Mouse,Slc7a7-cre (Jax Stock #023527) x TITL-GCAMP6s (Jax Stock #024104),569A69C6F8030D8636F87AF60214F604
proestrus/220629_SC_R2_Unstained_EY.png,Goard,10X,No Stain,Mouse,Slc7a7-cre (Jax Stock #023527) x TITL-GCAMP6s (Jax Stock #024104),2B25959CD1E20863153270A20FA11192
proestrus/220630_NSW049_Unstained_EY.png,Goard,10X,No Stain,Mouse,Slc7a7-cre (Jax Stock #023527) x TITL-GCAMP6s (Jax Stock #024104),42763834F73750B6F3F3ED29AFC37DFD
proestrus/220701_NSW047_Pro_EY.png,Goard,10X,Shorr Stain,Mouse,Slc7a7-cre (Jax Stock #023527) x TITL-GCAMP6s (Jax Stock #024104),2C833AAEBB7633B24FE73AABD93508FA
proestrus/220701_NSW047_unstained_EY.png,Goard,10X,No Stain,Mouse,Slc7a7-cre (Jax Stock #023527) x TITL-GCAMP6s (Jax Stock #024104),FEB34EFD42A210F596FE4AE50C84C64D
proestrus/220701_NSW049_Pro_EY.png,Goard,10X,Shorr Stain,Mouse,Slc7a7-cre (Jax Stock #023527) x TITL-GCAMP6s (Jax Stock #024104),2E413D9C2FE864B6939A2E0004918BF1
proestrus/220701_NSW049_Unstained_EY.png,Goard,10X,No Stain,Mouse,Slc7a7-cre (Jax Stock #023527) x TITL-GCAMP6s (Jax Stock #024104),0F36704983C0E5659E8C90E41F7F52F8
proestrus/220701_SC_L1_Pro_EY.png,Goard,10X,Shorr Stain,Mouse,Slc7a7-cre (Jax Stock #023527) x TITL-GCAMP6s (Jax Stock #024104),2D9F04269FF1602C7637779784AD2FED
proestrus/220701_SC_L1_Unstained_EY.png,Goard,10X,No Stain,Mouse,Slc7a7-cre (Jax Stock #023527) x TITL-GCAMP6s (Jax Stock #024104),93CD3414156F23E548BA41F9612D6F44
proestrus/220707_NSW047_Pro_EY.png,Goard,10X,Shorr Stain,Mouse,Slc7a7-cre (Jax Stock #023527) x TITL-GCAMP6s (Jax Stock #024104),492AC42594B8F3A7BAF22966280CB5AD
proestrus/220707_NSW047_unstained_MK.png,Goard,10X,No Stain,Mouse,Slc7a7-cre (Jax Stock #023527) x TITL-GCAMP6s (Jax Stock #024104),2E0BF59F6CDF759FB12E7E544D80A92E
proestrus/220708_NSW051_Pro_EY.png,Goard,10X,Shorr Stain,Mouse,Slc7a7-cre (Jax Stock #023527) x TITL-GCAMP6s (Jax Stock #024104),32B0A995CD020F895BA08B30278E96D7
proestrus/220708_NSW051_Unstained_MK.png,Goard,10X,No Stain,Mouse,Slc7a7-cre (Jax Stock #023527) x TITL-GCAMP6s (Jax Stock #024104),A8F821C244B965686BCEADCE46323126
proestrus/220708_SC_R1L1_Pro_EY.png,Goard,10X,Shorr Stain,Mouse,Slc7a7-cre (Jax Stock #023527) x TITL-GCAMP6s (Jax Stock #024104),039F3E959B980882BD8D5CD862CB9A5F
proestrus/220708_SC_R2_Pro_EY.png,Goard,10X,Shorr Stain,Mouse,Slc7a7-cre (Jax Stock #023527) x TITL-GCAMP6s (Jax Stock #024104),4D49312D41B23A9C7DAA7DC4573A4C4E
proestrus/220708_SC_R2_Unstained_MK.png,Goard,10X,No Stain,Mouse,Slc7a7-cre (Jax Stock #023527) x TITL-GCAMP6s (Jax Stock #024104),8C4E0FCDBB6D63A3FFB509B11E51E22B
proestrus/220711_NSW045_Pro_EY.png,Goard,10X,Shorr Stain,Mouse,Slc7a7-cre (Jax Stock #023527) x TITL-GCAMP6s (Jax Stock #024104),FB3A8E5EB6AF3B41255ADFE0907BC76A
proestrus/220711_NSW045_Unstained_EY.png,Goard,10X,No Stain,Mouse,Slc7a7-cre (Jax Stock #023527) x TITL-GCAMP6s (Jax Stock #024104),8BE3F3E520BE08C19698D63E39264E12
proestrus/220711_SC_R2_Pro_EY.png,Goard,10X,Shorr Stain,Mouse,Slc7a7-cre (Jax Stock #023527) x TITL-GCAMP6s (Jax Stock #024104),47F50846C6300067096991A7E565EE49
proestrus/220711_SC_R2_Unstained_EY.png,Goard,10X,No Stain,Mouse,Slc7a7-cre (Jax Stock #023527) x TITL-GCAMP6s (Jax Stock #024104),FE078B4C44C99EA764BBA97E41BDC34B
proestrus/220712_AM_NSW036_Pro_EY.png,Goard,10X,Shorr Stain,Mouse,Slc7a7-cre (Jax Stock #023527) x TITL-GCAMP6s (Jax Stock #024104),413001013923E885799AC56990EC97F8
proestrus/220712_NSW047_Pro_EY.png,Goard,10X,Shorr Stain,Mouse,Slc7a7-cre (Jax Stock #023527) x TITL-GCAMP6s (Jax Stock #024104),1BAD6F09D6EE3EB36A2B94F6FD38E0C7
proestrus/220712_NSW047_unstained_MK.png,Goard,10X,No Stain,Mouse,Slc7a7-cre (Jax Stock #023527) x TITL-GCAMP6s (Jax Stock #024104),3ADC3349DC17456BE14A2D5DA9C2603E
proestrus/220713_AM_NSW036_Pro_EY.png,Goard,10X,Shorr Stain,Mouse,Slc7a7-cre (Jax Stock #023527) x TITL-GCAMP6s (Jax Stock #024104),4199A7F5ED74B69EC9023127AA13E5AF
proestrus/220713_NSW056_Pro_EY.png,Goard,10X,Shorr Stain,Mouse,Slc7a7-cre (Jax Stock #023527) x TITL-GCAMP6s (Jax Stock #024104),B57A2C845F58DD04A259F25872FEC65A
proestrus/220713_NSW056_Unstained_EY.png,Goard,10X,No Stain,Mouse,Slc7a7-cre (Jax Stock #023527) x TITL-GCAMP6s (Jax Stock #024104),8DA9368E1771F8980D197CB95A94E676
proestrus/220713_SC_R1L1_Pro_EY.png,Goard,10X,Shorr Stain,Mouse,Slc7a7-cre (Jax Stock #023527) x TITL-GCAMP6s (Jax Stock #024104),FEAB7FB547777207D98523E12FFA04CF
proestrus/220713_SC_R1L1_Unstained_EY.png,Goard,10X,No Stain,Mouse,Slc7a7-cre (Jax Stock #023527) x TITL-GCAMP6s (Jax Stock #024104),302C869317288F3A23BB7E810A64629A
proestrus/220714_AM_NSW036_Pro_EY.png,Goard,10X,Shorr Stain,Mouse,Slc7a7-cre (Jax Stock #023527) x TITL-GCAMP6s (Jax Stock #024104),EEB1E71F9BF9290F9B0DAFE33D1536A2
proestrus/220714_NSW056_Pro_EY.png,Goard,10X,Shorr Stain,Mouse,Slc7a7-cre (Jax Stock #023527) x TITL-GCAMP6s (Jax Stock #024104),C50B691D13A75E7ED3C36954BC29BEAA
proestrus/220714_SC_R1L1_Unstained_MK.png,Goard,10X,No Stain,Mouse,Slc7a7-cre (Jax Stock #023527) x TITL-GCAMP6s (Jax Stock #024104),96F7498EFA40FE9E2538E52DEADFF342
proestrus/220714_SC_R2_Pro_EY.png,Goard,10X,Shorr Stain,Mouse,Slc7a7-cre (Jax Stock #023527) x TITL-GCAMP6s (Jax Stock #024104),C314640C92D3186DB868342D107D031F
proestrus/220715_NSW051_Pro_EY.png,Goard,10X,Shorr Stain,Mouse,Slc7a7-cre (Jax Stock #023527) x TITL-GCAMP6s (Jax Stock #024104),959462261AFF8EA3A93E35BFD5737554
proestrus/220715_NSW051_Unstained_EY.png,Goard,10X,No Stain,Mouse,Slc7a7-cre (Jax Stock #023527) x TITL-GCAMP6s (Jax Stock #024104),510730D94BBE4DD6157DA06FB0C0B1D2
proestrus/220715_SC_L1_Pro_EY.png,Goard,10X,Shorr Stain,Mouse,Slc7a7-cre (Jax Stock #023527) x TITL-GCAMP6s (Jax Stock #024104),66871F09994BC5FEA9F563311C8F2E8F
proestrus/220715_SC_L1_Unstained_EY.png,Goard,10X,No Stain,Mouse,Slc7a7-cre (Jax Stock #023527) x TITL-GCAMP6s (Jax Stock #024104),EB45FBF80D02C0A047C66E36ED585CD3
proestrus/220719_NSW047_Pro_EY.png,Goard,10X,Shorr Stain,Mouse,Slc7a7-cre (Jax Stock #023527) x TITL-GCAMP6s (Jax Stock #024104),498256F4CC387AD6F71EE84138C28A8C
proestrus/220719_SC_L1_Pro_EY.png,Goard,10X,Shorr Stain,Mouse,Slc7a7-cre (Jax Stock #023527) x TITL-GCAMP6s (Jax Stock #024104),667685427A05DCE114039383162271F7
proestrus/220719_SC_L1_Unstained_MK.png,Goard,10X,No Stain,Mouse,Slc7a7-cre (Jax Stock #023527) x TITL-GCAMP6s (Jax Stock #024104),75D430BCEA3D6440036CF5824C400EB0
proestrus/220720_NSW050_Pro_EY.png,Goard,10X,Shorr Stain,Mouse,Slc7a7-cre (Jax Stock #023527) x TITL-GCAMP6s (Jax Stock #024104),B2814827966E44748160C166E48FB77C
proestrus/220720_NSW050_Unstained_EY.png,Goard,10X,No Stain,Mouse,Slc7a7-cre (Jax Stock #023527) x TITL-GCAMP6s (Jax Stock #024104),54807AD8C6D013810A691FCCC2C4824F
proestrus/220720_NSW051_Pro_EY.png,Goard,10X,Shorr Stain,Mouse,Slc7a7-cre (Jax Stock #023527) x TITL-GCAMP6s (Jax Stock #024104),016A0281A603A32BC7E06C1118CAE0A3
proestrus/220720_NSW051_Unstained_EY.png,Goard,10X,No Stain,Mouse,Slc7a7-cre (Jax Stock #023527) x TITL-GCAMP6s (Jax Stock #024104),8C8E7C39D6A7DF40DACD34407B72406B
proestrus/220721_NSW050_Pro_EY.png,Goard,10X,Shorr Stain,Mouse,Slc7a7-cre (Jax Stock #023527) x TITL-GCAMP6s (Jax Stock #024104),A7933CF56A0D55E18DBCB8458F6F6479
proestrus/220721_NSW050_Unstained_MK.png,Goard,10X,No Stain,Mouse,Slc7a7-cre (Jax Stock #023527) x TITL-GCAMP6s (Jax Stock #024104),49F4D3F8FC707886E6247842BD59C789
proestrus/220722_NSW047_Pro_EY.png,Goard,10X,Shorr Stain,Mouse,Slc7a7-cre (Jax Stock #023527) x TITL-GCAMP6s (Jax Stock #024104),3DE26E3C1D84DEE9297468985A6240E7
proestrus/220722_NSW047_unstained_EY.png,Goard,10X,No Stain,Mouse,Slc7a7-cre (Jax Stock #023527) x TITL-GCAMP6s (Jax Stock #024104),BAF503A2A87B563398CF82AD8CB661F4
proestrus/220722_NSW050_Pro_EY.png,Goard,10X,Shorr Stain,Mouse,Slc7a7-cre (Jax Stock #023527) x TITL-GCAMP6s (Jax Stock #024104),48FEF8CE967D2B1157C7BDD700B12F8F
proestrus/220722_NSW050_Unstained_EY.png,Goard,10X,No Stain,Mouse,Slc7a7-cre (Jax Stock #023527) x TITL-GCAMP6s (Jax Stock #024104),F66370A6633BBC4EC3989905E4141617
proestrus/220725_NSW056_Pro_EY.png,Goard,10X,Shorr Stain,Mouse,Slc7a7-cre (Jax Stock #023527) x TITL-GCAMP6s (Jax Stock #024104),780BD82DD205449077704BCC86FB1FE0
proestrus/220725_NSW056_Unstained_EY.png,Goard,10X,No Stain,Mouse,Slc7a7-cre (Jax Stock #023527) x TITL-GCAMP6s (Jax Stock #024104),62C3CE25A8FDE3BBBE1E7240B0FA43D2
proestrus/220727_SC_L1_Pro_EY.png,Goard,10X,Shorr Stain,Mouse,Slc7a7-cre (Jax Stock #023527) x TITL-GCAMP6s (Jax Stock #024104),F5323DC2E051B01DEFF3CCBE159429FD
proestrus/220727_SC_L1_Unstained_EY.png,Goard,10X,No Stain,Mouse,Slc7a7-cre (Jax Stock #023527) x TITL-GCAMP6s (Jax Stock #024104),E52F366B9D091B4A2D2688BF798EF105
proestrus/220728_NSW050_Pro_EY.png,Goard,10X,Shorr Stain,Mouse,Slc7a7-cre (Jax Stock #023527) x TITL-GCAMP6s (Jax Stock #024104),975451C3B8953A9FB70A8AF8DD8BFDB6
proestrus/220728_NSW051_Pro_EY.png,Goard,10X,Shorr Stain,Mouse,Slc7a7-cre (Jax Stock #023527) x TITL-GCAMP6s (Jax Stock #024104),5CCDE8FAB91EE88B892EBF3DB0E15101
proestrus/220728_SC_L1_Pro_EY.png,Goard,10X,Shorr Stain,Mouse,Slc7a7-cre (Jax Stock #023527) x TITL-GCAMP6s (Jax Stock #024104),276724B537641C09DCABA0684D487CE3
proestrus/220728_SC_L1_Unstained_EY.png,Goard,10X,No Stain,Mouse,Slc7a7-cre (Jax Stock #023527) x TITL-GCAMP6s (Jax Stock #024104),C566E8F009C18507F5D206BDEDBAAEA2
proestrus/220728_SC_R1L1_Pro_EY.png,Goard,10X,Shorr Stain,Mouse,Slc7a7-cre (Jax Stock #023527) x TITL-GCAMP6s (Jax Stock #024104),7A5861DE8ECF67A1A669B2F2512E1143
proestrus/220728_SC_R1L1_Unstained_MK.png,Goard,10X,No Stain,Mouse,Slc7a7-cre (Jax Stock #023527) x TITL-GCAMP6s (Jax Stock #024104),1FF2BF0242A5A57D91C9138A73269475
proestrus/220729_NSW045_Pro_EY.png,Goard,10X,Shorr Stain,Mouse,Slc7a7-cre (Jax Stock #023527) x TITL-GCAMP6s (Jax Stock #024104),4613F138D5C9FC2A4D100E3EA1066B1A
proestrus/220729_NSW045_Unstained_EY.png,Goard,10X,No Stain,Mouse,Slc7a7-cre (Jax Stock #023527) x TITL-GCAMP6s (Jax Stock #024104),E06F13FBC81CDC120D4541986552B1C4
proestrus/220729_NSW047_Pro_EY.png,Goard,10X,Shorr Stain,Mouse,Slc7a7-cre (Jax Stock #023527) x TITL-GCAMP6s (Jax Stock #024104),258D09DB5EC629999B762EC22AC8CFE4
proestrus/220729_NSW047_unstained_EY.png,Goard,10X,No Stain,Mouse,Slc7a7-cre (Jax Stock #023527) x TITL-GCAMP6s (Jax Stock #024104),76EBCBE33330C923263FBDDE43B24A76
proestrus/220729_NSW049_Pro_EY.png,Goard,10X,Shorr Stain,Mouse,Slc7a7-cre (Jax Stock #023527) x TITL-GCAMP6s (Jax Stock #024104),65C4F31EF3AA6CB83469993D5591153E
proestrus/220729_NSW049_Unstained_EY.png,Goard,10X,No Stain,Mouse,Slc7a7-cre (Jax Stock #023527) x TITL-GCAMP6s (Jax Stock #024104),49CC5EDD946F00C109AA0D9BDE682164
proestrus/220729_NSW050_Pro_EY.png,Goard,10X,Shorr Stain,Mouse,Slc7a7-cre (Jax Stock #023527) x TITL-GCAMP6s (Jax Stock #024104),ED2C660F5091E9254F32A0C6FDEE7D5E
proestrus/220729_NSW050_Unstained_EY.png,Goard,10X,No Stain,Mouse,Slc7a7-cre (Jax Stock #023527) x TITL-GCAMP6s (Jax Stock #024104),0A7F43682AEF9E3EF07865D9AF62BB6C
proestrus/220729_NSW056_Pro_EY.png,Goard,10X,Shorr Stain,Mouse,Slc7a7-cre (Jax Stock #023527) x TITL-GCAMP6s (Jax Stock #024104),0F0B426116F47B1F80C480310E6E25EA
proestrus/220801_NSW050_Pro_EY.png,Goard,10X,Shorr Stain,Mouse,Slc7a7-cre (Jax Stock #023527) x TITL-GCAMP6s (Jax Stock #024104),D1DEE566041E8A3F3C6ECC45DD38FD9C
proestrus/220801_NSW050_Unstained_EY.png,Goard,10X,No Stain,Mouse,Slc7a7-cre (Jax Stock #023527) x TITL-GCAMP6s (Jax Stock #024104),F154394C72274062B5EAA37C1CDB6D14
proestrus/220801_NSW051_Pro_EY.png,Goard,10X,Shorr Stain,Mouse,Slc7a7-cre (Jax Stock #023527) x TITL-GCAMP6s (Jax Stock #024104),6281BB314DAFE751C37C74F41D71F970
proestrus/220801_NSW051_Unstained_EY.png,Goard,10X,No Stain,Mouse,Slc7a7-cre (Jax Stock #023527) x TITL-GCAMP6s (Jax Stock #024104),F7C0B0B6469957939FB3C153728EBCC4
proestrus/220802_NSW045_Pro_EY.png,Goard,10X,Shorr Stain,Mouse,Slc7a7-cre (Jax Stock #023527) x TITL-GCAMP6s (Jax Stock #024104),08B9E70F5069F0CA743907B0352134B5
proestrus/220802_NSW045_Unstained_EY.png,Goard,10X,No Stain,Mouse,Slc7a7-cre (Jax Stock #023527) x TITL-GCAMP6s (Jax Stock #024104),4B34F6246F1A9B5F4EC7D858DC40A6AE
proestrus/220802_NSW051_Pro_EY.png,Goard,10X,Shorr Stain,Mouse,Slc7a7-cre (Jax Stock #023527) x TITL-GCAMP6s (Jax Stock #024104),730C0F6BF3B88E4F25F28E2EB6DF80C4
proestrus/220802_NSW051_Unstained_MK.png,Goard,10X,No Stain,Mouse,Slc7a7-cre (Jax Stock #023527) x TITL-GCAMP6s (Jax Stock #024104),938EBF8A2F0304659AEE06DC257ECC26
proestrus/220802_SC_R1L1_Pro_EY.png,Goard,10X,Shorr Stain,Mouse,Slc7a7-cre (Jax Stock #023527) x TITL-GCAMP6s (Jax Stock #024104),FC4BD00A9B3C126360FFC003CA7AB740
proestrus/220802_SC_R1L1_Unstained_MK.png,Goard,10X,No Stain,Mouse,Slc7a7-cre (Jax Stock #023527) x TITL-GCAMP6s (Jax Stock #024104),631AE8C9FE7593056A60E38BF2ADAB87
proestrus/220803_NSW050_Pro_EY.png,Goard,10X,Shorr Stain,Mouse,Slc7a7-cre (Jax Stock #023527) x TITL-GCAMP6s (Jax Stock #024104),DEC23B311CA092981D48CD8582E58100
proestrus/220803_NSW050_Unstained_EY.png,Goard,10X,No Stain,Mouse,Slc7a7-cre (Jax Stock #023527) x TITL-GCAMP6s (Jax Stock #024104),34D9E1AC177948041E9568F2EF6DB1DB
proestrus/220803_NSW056_Pro_EY.png,Goard,10X,Shorr Stain,Mouse,Slc7a7-cre (Jax Stock #023527) x TITL-GCAMP6s (Jax Stock #024104),385B5C0D518C878A06BD7B3BF871151F
proestrus/220803_NSW056_Unstained_EY.png,Goard,10X,No Stain,Mouse,Slc7a7-cre (Jax Stock #023527) x TITL-GCAMP6s (Jax Stock #024104),2C599B41DD2E90D4212D2503D233130D
proestrus/220803_SC_L1_Pro_EY.png,Goard,10X,Shorr Stain,Mouse,Slc7a7-cre (Jax Stock #023527) x TITL-GCAMP6s (Jax Stock #024104),1FBDC34FC8F5BC1C943E75C9F3833726
proestrus/220803_SC_L1_Unstained_EY.png,Goard,10X,No Stain,Mouse,Slc7a7-cre (Jax Stock #023527) x TITL-GCAMP6s (Jax Stock #024104),6047E73E9FE17C84E50AA0C569CFF227
proestrus/220804_NSW047_Pro_EY.png,Goard,10X,Shorr Stain,Mouse,Slc7a7-cre (Jax Stock #023527) x TITL-GCAMP6s (Jax Stock #024104),0602163AD0C20407E42CD825EEBF5AE3
proestrus/220804_NSW047_unstained_MK.png,Goard,10X,No Stain,Mouse,Slc7a7-cre (Jax Stock #023527) x TITL-GCAMP6s (Jax Stock #024104),C7623DDA58218AA9C7BA7E003EFB3672
proestrus/220804_SC_L1_Pro_EY.png,Goard,10X,Shorr Stain,Mouse,Slc7a7-cre (Jax Stock #023527) x TITL-GCAMP6s (Jax Stock #024104),9D8115145E9E476EFF085046553B20F9
proestrus/220804_SC_L1_Unstained_MK.png,Goard,10X,No Stain,Mouse,Slc7a7-cre (Jax Stock #023527) x TITL-GCAMP6s (Jax Stock #024104),481D06CBD3198B4720F634410CBBAD5C
proestrus/220808_NSW050_Unstained_EY.png,Goard,10X,No Stain,Mouse,Slc7a7-cre (Jax Stock #023527) x TITL-GCAMP6s (Jax Stock #024104),707BB36571BF227E6F7920643C3070DB
proestrus/220808_SC_L1_Pro_EY.png,Goard,10X,Shorr Stain,Mouse,Slc7a7-cre (Jax Stock #023527) x TITL-GCAMP6s (Jax Stock #024104),3969056FE2FEEC93C5F6FEF062C5A2C0
proestrus/220808_SC_L1_Unstained_EY.png,Goard,10X,No Stain,Mouse,Slc7a7-cre (Jax Stock #023527) x TITL-GCAMP6s (Jax Stock #024104),2B18E7A4FEA960284D19DA8BD708528D
proestrus/220809_NSW047_Pro_EY.png,Goard,10X,Shorr Stain,Mouse,Slc7a7-cre (Jax Stock #023527) x TITL-GCAMP6s (Jax Stock #024104),EE9377A6E5743447D9A31F912DB6E8FA
proestrus/220809_SC_L1_Pro_EY.png,Goard,10X,Shorr Stain,Mouse,Slc7a7-cre (Jax Stock #023527) x TITL-GCAMP6s (Jax Stock #024104),4A169CBEFC2C91123FB42775F767B827
proestrus/220809_SC_L1_Unstained_MK.png,Goard,10X,No Stain,Mouse,Slc7a7-cre (Jax Stock #023527) x TITL-GCAMP6s (Jax Stock #024104),F12D979B9C93686DF1AEE1B6D2FA876A
proestrus/220809_SC_R1L1_Pro_EY.png,Goard,10X,Shorr Stain,Mouse,Slc7a7-cre (Jax Stock #023527) x TITL-GCAMP6s (Jax Stock #024104),6A8F6F6DDE90E26972C3A03812CE471B
proestrus/220809_SC_R1L1_Unstained_MK.png,Goard,10X,No Stain,Mouse,Slc7a7-cre (Jax Stock #023527) x TITL-GCAMP6s (Jax Stock #024104),B6D00E80B5F975D6BEAD1B38C6F88601
proestrus/220810_NSW049_Pro_EY.png,Goard,10X,Shorr Stain,Mouse,Slc7a7-cre (Jax Stock #023527) x TITL-GCAMP6s (Jax Stock #024104),CFF3ABFE513D7BB7ACCE46C25F3FB27E
proestrus/220810_NSW049_Unstained_EY.png,Goard,10X,No Stain,Mouse,Slc7a7-cre (Jax Stock #023527) x TITL-GCAMP6s (Jax Stock #024104),35DFD3131A3BBC098D375151B4ADBFB3
proestrus/220811_NSW049_Pro_EY.png,Goard,10X,Shorr Stain,Mouse,Slc7a7-cre (Jax Stock #023527) x TITL-GCAMP6s (Jax Stock #024104),2B503686AE5A564C71E694CC191FA6BD
proestrus/220811_NSW049_Unstained_MK.png,Goard,10X,No Stain,Mouse,Slc7a7-cre (Jax Stock #023527) x TITL-GCAMP6s (Jax Stock #024104),7B697E99E931292EF2C4A6F5140E1188
proestrus/220811_NSW050_Pro_EY.png,Goard,10X,Shorr Stain,Mouse,Slc7a7-cre (Jax Stock #023527) x TITL-GCAMP6s (Jax Stock #024104),8B32E954C64CF804FA6DB84CE614F751
proestrus/220811_NSW050_Unstained_MK.png,Goard,10X,No Stain,Mouse,Slc7a7-cre (Jax Stock #023527) x TITL-GCAMP6s (Jax Stock #024104),C1F09A2BB66929CABC1C74272E099869
proestrus/220811_SC_L1_Pro_EY.png,Goard,10X,Shorr Stain,Mouse,Slc7a7-cre (Jax Stock #023527) x TITL-GCAMP6s (Jax Stock #024104),E46D78623960EBABF0A8C2B73C4C8AE3
proestrus/220811_SC_L1_Unstained_MK.png,Goard,10X,No Stain,Mouse,Slc7a7-cre (Jax Stock #023527) x TITL-GCAMP6s (Jax Stock #024104),87DBC661B82E50D100BDFFF1086DB16C
proestrus/220812_SC_R1L1_Pro_EY.png,Goard,10X,Shorr Stain,Mouse,Slc7a7-cre (Jax Stock #023527) x TITL-GCAMP6s (Jax Stock #024104),5CF0551A86AEEA4F03B9E569BE819C28
proestrus/220812_SC_R1L1_Unstained_EY.png,Goard,10X,No Stain,Mouse,Slc7a7-cre (Jax Stock #023527) x TITL-GCAMP6s (Jax Stock #024104),DC3B159797DD0BA9798D46CCC8E01313
proestrus/220816_NSW045_Pro_EY.png,Goard,10X,Shorr Stain,Mouse,Slc7a7-cre (Jax Stock #023527) x TITL-GCAMP6s (Jax Stock #024104),77E210534FC8B890F14D787C0D1E8422
proestrus/220816_NSW045_unstained_MK.png,Goard,10X,No Stain,Mouse,Slc7a7-cre (Jax Stock #023527) x TITL-GCAMP6s (Jax Stock #024104),61411CD249C5B93250607CD60C7A4CB6
proestrus/220818_NSW051_Pro_EY.png,Goard,10X,Shorr Stain,Mouse,Slc7a7-cre (Jax Stock #023527) x TITL-GCAMP6s (Jax Stock #024104),B143E3C686A3EB39B3204CA2602358DB
proestrus/220818_NSW051_Unstained_MK.png,Goard,10X,No Stain,Mouse,Slc7a7-cre (Jax Stock #023527) x TITL-GCAMP6s (Jax Stock #024104),1980FC3862F133CDF4A281B04B56150D
proestrus/D_P_b_6f5_Auto2_train.png,Sutoh,10X,Giemsa Stain,Mouse,C57BL/6J WT,A66391DDC960E53F5574B86C5A4998D2
proestrus/D_P_b_E0010047_Auto3_train.png,Sutoh,10X,Giemsa Stain,Mouse,C57BL/6J WT,F1B865695B35749B19DFA74264CFFD08
proestrus/D_P_d_E0030202_Auto3_train.png,Sutoh,10X,Giemsa Stain,Mouse,C57BL/6J WT,CCDBEC20EF9C512606F4260A0353F9A3
proestrus/D_P_d_E0030273_Auto3_train.png,Sutoh,10X,Giemsa Stain,Mouse,C57BL/6J WT,2AA86698D225532B76A7AF13664EC80B
proestrus/D_P_f_E0040097_Auto3_train.png,Sutoh,10X,Giemsa Stain,Mouse,C57BL/6J WT,A6D395694800DD00836BD234FFC6FB38
proestrus/D_P_f_E0040130_Auto3_train.png,Sutoh,10X,Giemsa Stain,Mouse,C57BL/6J WT,186D525787950F0A96CCA301193424B1
proestrus/D_P_i_170829-0902_Sham3_3_Auto2_train.png,Sutoh,10X,Giemsa Stain,Mouse,C57BL/6J WT,471BFBEC64BA212F4294FFBEAA4861B5
proestrus/E_P_a_14h2_Auto2_train.png,Sutoh,10X,Giemsa Stain,Mouse,C57BL/6J WT,54355F133EE4D91FAED9D23F86E52408
proestrus/P_E_a_14j2_Auto2_train.png,Sutoh,10X,Giemsa Stain,Mouse,C57BL/6J WT,D55687639168BD7EF8FB923893E5AE8F
proestrus/P_E_a_14m3_Auto2_train.png,Sutoh,10X,Giemsa Stain,Mouse,C57BL/6J WT,9F735B93951CDEFA861817B48946298B
proestrus/P_E_a_14r2_Auto2_train.png,Sutoh,10X,Giemsa Stain,Mouse,C57BL/6J WT,918550BCAF25C5D1596C4BBDADD1D271
proestrus/P_E_a_14s4_Auto2_train.png,Sutoh,10X,Giemsa Stain,Mouse,C57BL/6J WT,724E149BF7725A7AA62C94B89209941C
proestrus/P_E_b_15r4_Auto2_train.png,Sutoh,10X,Giemsa Stain,Mouse,C57BL/6J WT,ED026DED44F5F06B3B9E41315E7F6D24
proestrus/P_E_c_10a3_Auto2_train.png,Sutoh,10X,Giemsa Stain,Mouse,C57BL/6J WT,C7F7B2C034FBAABBA1C68F558593382C
proestrus/P_E_c_10c1_Auto2_train.png,Sutoh,10X,Giemsa Stain,Mouse,C57BL/6J WT,EA18CA6BC6BE07449D01D5D63D6282A0
proestrus/P_E_c_10f2_Auto2_train.png,Sutoh,10X,Giemsa Stain,Mouse,C57BL/6J WT,BD61B4F2E7A956BB5E59B24F1A0D60E4
proestrus/P_E_d_6c1_Auto2_train.png,Sutoh,10X,Giemsa Stain,Mouse,C57BL/6J WT,78E0233460508115A73DDBC14176AE5A
proestrus/P_E_d_E0030257_Auto3_train.png,Sutoh,10X,Giemsa Stain,Mouse,C57BL/6J WT,38F05B54E667B3365B36E38C3EA0F3B9
proestrus/P_E_e_E0040031_Auto3_train.png,Sutoh,10X,Giemsa Stain,Mouse,C57BL/6J WT,463CBE56BCAEDDD38B8E62EE71F62FBF
proestrus/P_E_f_E0040159_Auto3_train.png,Sutoh,10X,Giemsa Stain,Mouse,C57BL/6J WT,C916C5F6EECD0F48E562618517EF1BA3
proestrus/P_E_g_170612-_9wkOVX_21_1_Auto2_train.png,Sutoh,10X,Giemsa Stain,Mouse,C57BL/6J WT,53192ECD4E7C5AF9AD54DB90A9ED3676
proestrus/P_E_g_170612-_9wkOVX_2_2_Auto2_train.png,Sutoh,10X,Giemsa Stain,Mouse,C57BL/6J WT,44FF3B6A6751F4DCE2101EEC696EBFEF
proestrus/P_E_g_170612-_9wkOVX_3_2_Auto2_train.png,Sutoh,10X,Giemsa Stain,Mouse,C57BL/6J WT,D8AEC486CCDB71AE3D3A40E01AD16549
proestrus/P_E_g_170612-_9wkOVX_7_1_Auto2_train.png,Sutoh,10X,Giemsa Stain,Mouse,C57BL/6J WT,5ACC91816B7CB49459BCD6F173785761
proestrus/P_E_g_E0050104_Auto3_train.png,Sutoh,10X,Giemsa Stain,Mouse,C57BL/6J WT,CD09B0831D6E7DA56E5567F8E555FFA6
proestrus/P_E_h_170630-6vs15 c-fos_15f2_4_Auto2_train.png,Sutoh,10X,Giemsa Stain,Mouse,C57BL/6J WT,993AFAE0DB3071F0D8CC1FBD37F7A111
proestrus/P_E_h_170630-6vs15 c-fos_15f8_5_Auto2_train.png,Sutoh,10X,Giemsa Stain,Mouse,C57BL/6J WT,6676D422202AD12959A9730884AAFA21
proestrus/P_E_h_E0060027_Auto3_train.png,Sutoh,10X,Giemsa Stain,Mouse,C57BL/6J WT,7FDA91122B3291AFFF56D1F1C629FC07
proestrus/P_E_h_E0060041_Auto3_train.png,Sutoh,10X,Giemsa Stain,Mouse,C57BL/6J WT,174D605ED9B93EC72409F77CDD99D4C1
proestrus/P_E_i_E0060203_Auto3_train.png,Sutoh,10X,Giemsa Stain,Mouse,C57BL/6J WT,D74693C7AAD83727F4E0768C8EEBC868
proestrus/P_E_j_E0070029_Auto3_train.png,Sutoh,10X,Giemsa Stain,Mouse,C57BL/6J WT,5F766ABA5406B8B0A0CCF3B982978968
proestrus/P_E_j_E0070062_Auto3_train.png,Sutoh,10X,Giemsa Stain,Mouse,C57BL/6J WT,C2CEA0CB40777B19541EF74B05548578
proestrus/P_E_j_E0070068_Auto3_train.png,Sutoh,10X,Giemsa Stain,Mouse,C57BL/6J WT,5C5B2C2281452110DB3C268568D77D27
proestrus/P_E_j_E0070077_Auto3_train.png,Sutoh,10X,Giemsa Stain,Mouse,C57BL/6J WT,D0339D54BF62229E5EE31F65DF07B680
proestrus/P_E_j_E0070105_Auto3_train.png,Sutoh,10X,Giemsa Stain,Mouse,C57BL/6J WT,98F975ACE88A414E1037A0984D0266B7
proestrus/P_E_k_E0080063_Auto3_train.png,Sutoh,10X,Giemsa Stain,Mouse,C57BL/6J WT,A33D7F6816C634D305416FBB0152E3ED
proestrus/P_a_14j1_Auto2_train.png,Sutoh,10X,Giemsa Stain,Mouse,C57BL/6J WT,35090A3181B371CC69F4BA89017AB0E1
proestrus/P_a_14l1_Auto2_train.png,Sutoh,10X,Giemsa Stain,Mouse,C57BL/6J WT,19F86F8EB5C571421DD66ADB77566940
proestrus/P_a_14p1_Auto2_train.png,Sutoh,10X,Giemsa Stain,Mouse,C57BL/6J WT,A3F5E1FABCD499951E2399EC17690E6A
proestrus/P_a_DSL30138_Auto1.png,Sutoh,10X,Giemsa Stain,Mouse,C57BL/6J WT,BA2CD24B1CC3266858F3DD7918188A6F
proestrus/P_a_E0010004_Auto3_train.png,Sutoh,10X,Giemsa Stain,Mouse,C57BL/6J WT,4401FE79A21B1FE89B6D2B81A635F7CD
proestrus/P_a_E0010010_Auto3_train.png,Sutoh,10X,Giemsa Stain,Mouse,C57BL/6J WT,D2E3BCC90946FA1EE9053491BF84176B
proestrus/P_a_E0010016_Auto3_train.png,Sutoh,10X,Giemsa Stain,Mouse,C57BL/6J WT,FF36D096D9EBC51EC4C40447F0743767
proestrus/P_a_E0090003_Auto4.png,Sutoh,10X,Giemsa Stain,Mouse,C57BL/6J WT,76FFBBA38ED7ABEB6E195D5952608196
proestrus/P_a_E0090009_Auto4.png,Sutoh,10X,Giemsa Stain,Mouse,C57BL/6J WT,771C3FAB291B75706EBF56B5A2D85CE4
proestrus/P_a_E0090016_Auto4.png,Sutoh,10X,Giemsa Stain,Mouse,C57BL/6J WT,195C13373508844B8A070F1BBCDBA691
proestrus/P_a_E0090027_Auto4.png,Sutoh,10X,Giemsa Stain,Mouse,C57BL/6J WT,ACA8FBA018DD164EEBE054BEFD3F5745
proestrus/P_b_15m4_Auto2_train.png,Sutoh,10X,Giemsa Stain,Mouse,C57BL/6J WT,B609ABAF805EE4A4A917336F788F8992
proestrus/P_b_15n1_Auto2_train.png,Sutoh,10X,Giemsa Stain,Mouse,C57BL/6J WT,88506B50EEFBCD118799822D38DB696B
proestrus/P_b_15r3_Auto2_train.png,Sutoh,10X,Giemsa Stain,Mouse,C57BL/6J WT,6B96F4CD20FD57A4808AE0760EEFDAA7
proestrus/P_b_15s1_Auto2_train.png,Sutoh,10X,Giemsa Stain,Mouse,C57BL/6J WT,8910DEAAC2CB675A1CC95FF9EEB0DA91
proestrus/P_b_15v5_Auto2_train.png,Sutoh,10X,Giemsa Stain,Mouse,C57BL/6J WT,3EDF52E2FA737176C9CE3161E66F1245
proestrus/P_b_15x4_Auto2_train.png,Sutoh,10X,Giemsa Stain,Mouse,C57BL/6J WT,9C37E64318322819821D5AFF2009CA54
proestrus/P_b_6c4_Auto2_train.png,Sutoh,10X,Giemsa Stain,Mouse,C57BL/6J WT,C6EADD86AA7A3AA895C6258CDC2B2E75
proestrus/P_b_6g3_Auto2_train.png,Sutoh,10X,Giemsa Stain,Mouse,C57BL/6J WT,5C7E873BAC06E5509219CAB3B799FA9C
proestrus/P_b_6i5_Auto2_train.png,Sutoh,10X,Giemsa Stain,Mouse,C57BL/6J WT,A5BAE1161C773E0B17E44DA111C477A1
proestrus/P_b_DSL30028_Auto1.png,Sutoh,10X,Giemsa Stain,Mouse,C57BL/6J WT,00A0E4A1D2FA5C2B62C73050A8577851
proestrus/P_b_E0010004_Auto3_train.png,Sutoh,10X,Giemsa Stain,Mouse,C57BL/6J WT,7A1B05FB4AEAC4785EA98B4611A48664
proestrus/P_b_E0010056_Auto3_train.png,Sutoh,10X,Giemsa Stain,Mouse,C57BL/6J WT,EAF5E0AD674E9A36FD205C940D398024
proestrus/P_b_E0090040_Auto4.png,Sutoh,10X,Giemsa Stain,Mouse,C57BL/6J WT,CEB1665CDE01EDE9AA222025996D56CD
proestrus/P_b_E0090045_Auto4.png,Sutoh,10X,Giemsa Stain,Mouse,C57BL/6J WT,7BE974E832D1797F83DFBB5CF7CADEA9
proestrus/P_b_E0090133_Auto4.png,Sutoh,10X,Giemsa Stain,Mouse,C57BL/6J WT,A86AF03762F170638899350D3F76BE19
proestrus/P_b_E0090138_Auto4.png,Sutoh,10X,Giemsa Stain,Mouse,C57BL/6J WT,72EFCFCDA9622F7F7D9848C08302E3C6
proestrus/P_b_E0090144_Auto4.png,Sutoh,10X,Giemsa Stain,Mouse,C57BL/6J WT,B4C41FE37A626C6E89E5E87864F3336E
proestrus/P_c_10_e4_Auto2_train.png,Sutoh,10X,Giemsa Stain,Mouse,C57BL/6J WT,D36F3BBE964D44825CD771F17B09F14A
proestrus/P_c_10g1_Auto2_train.png,Sutoh,10X,Giemsa Stain,Mouse,C57BL/6J WT,A10EAE14FAAD6BDE8DCFE0200FABBF1D
proestrus/P_c_10g5_Auto2_train.png,Sutoh,10X,Giemsa Stain,Mouse,C57BL/6J WT,025139E4967D8DCAB345EC7BDFBFC195
proestrus/P_c_10i1_Auto2_train.png,Sutoh,10X,Giemsa Stain,Mouse,C57BL/6J WT,D8A3D799121EFAA3A607EA0EB96A1B1F
proestrus/P_c_DSL30009_Auto1.png,Sutoh,10X,Giemsa Stain,Mouse,C57BL/6J WT,5DF5D90C57A05C5B3C9F6CAE4E5F2D01
proestrus/P_c_DSL30026_Auto1.png,Sutoh,10X,Giemsa Stain,Mouse,C57BL/6J WT,246AC4BDB5EFF53F6A40046A06FA2814
proestrus/P_c_DSL30036_Auto1.png,Sutoh,10X,Giemsa Stain,Mouse,C57BL/6J WT,325BF93F64011C1BEA7F4FA6C046B5A3
proestrus/P_c_DSL30049_Auto1.png,Sutoh,10X,Giemsa Stain,Mouse,C57BL/6J WT,21C9E7830D49E39A34C6C2A353E037FF
proestrus/P_c_DSL30076_Auto1.png,Sutoh,10X,Giemsa Stain,Mouse,C57BL/6J WT,0FC19089092F6538C597886F057B594B
proestrus/P_c_DSL30082_Auto1.png,Sutoh,10X,Giemsa Stain,Mouse,C57BL/6J WT,6E714A42A723624B6ED977F48FA7954F
proestrus/P_c_DSL30092_Auto1.png,Sutoh,10X,Giemsa Stain,Mouse,C57BL/6J WT,E581A84847745D5804A70790DEACC201
proestrus/P_c_DSL30112_Auto1.png,Sutoh,10X,Giemsa Stain,Mouse,C57BL/6J WT,812623A7A6813C4FCF278B69A8CD5710
proestrus/P_c_DSL30132_Auto1.png,Sutoh,10X,Giemsa Stain,Mouse,C57BL/6J WT,0F56A054147CFA2C0533C76D239904C6
proestrus/P_c_E0030038_Auto3_train.png,Sutoh,10X,Giemsa Stain,Mouse,C57BL/6J WT,D073B2A2F9F659BE83CA342D24F99101
proestrus/P_c_E0030049_Auto3_train.png,Sutoh,10X,Giemsa Stain,Mouse,C57BL/6J WT,E8E1134D8DE27722AB6400AF9AC03759
proestrus/P_c_E0030092_Auto3_train.png,Sutoh,10X,Giemsa Stain,Mouse,C57BL/6J WT,647A447497396CA709AC8E8C1C7FE535
proestrus/P_c_E0030097_Auto3_train.png,Sutoh,10X,Giemsa Stain,Mouse,C57BL/6J WT,6A856A86464BA785A1CE937DC01664D4
proestrus/P_c_E0030100_Auto3_train.png,Sutoh,10X,Giemsa Stain,Mouse,C57BL/6J WT,42410E652AA9242876269E8EDA92F45B
proestrus/P_c_E0030118_Auto3_train.png,Sutoh,10X,Giemsa Stain,Mouse,C57BL/6J WT,2608B26462FCBC783F2EDD86F2A20614
proestrus/P_c_E0030157_Auto3_train.png,Sutoh,10X,Giemsa Stain,Mouse,C57BL/6J WT,4BD423AD76F50B0879B2F37ECE182F10
proestrus/P_c_E0100009_Auto4.png,Sutoh,10X,Giemsa Stain,Mouse,C57BL/6J WT,FCC4F611ADDEFFF38B953ABE10171DD8
proestrus/P_c_E0100017_Auto4.png,Sutoh,10X,Giemsa Stain,Mouse,C57BL/6J WT,B122BD9F913093523D0C2897E673B403
proestrus/P_c_E0100023_Auto4.png,Sutoh,10X,Giemsa Stain,Mouse,C57BL/6J WT,667A4415BF999B8847E9E625E4F6AD47
proestrus/P_c_E0100035_Auto4.png,Sutoh,10X,Giemsa Stain,Mouse,C57BL/6J WT,9BA22044AC70211AEC3F1044E876D755
proestrus/P_c_E0100039_Auto4.png,Sutoh,10X,Giemsa Stain,Mouse,C57BL/6J WT,7DF0D6605D461CA855B2514B15B08A60
proestrus/P_c_E0100047_Auto4.png,Sutoh,10X,Giemsa Stain,Mouse,C57BL/6J WT,6420C59BB9B90B502069C044A6328A35
proestrus/P_c_E0100060_Auto4.png,Sutoh,10X,Giemsa Stain,Mouse,C57BL/6J WT,20F0C6FAE9187F82F43CB61CD81642F9
proestrus/P_c_E0100062_Auto4.png,Sutoh,10X,Giemsa Stain,Mouse,C57BL/6J WT,18AD04AF6BDB23F4C560648CD3B2FDC8
proestrus/P_c_E0100069_Auto4.png,Sutoh,10X,Giemsa Stain,Mouse,C57BL/6J WT,CF321D1AFE9874060D4446CEF7C5F0F9
proestrus/P_c_E0100074_Auto4.png,Sutoh,10X,Giemsa Stain,Mouse,C57BL/6J WT,867FF507139D5CA7DC1449F3E8D66059
proestrus/P_c_E0100102_Auto4.png,Sutoh,10X,Giemsa Stain,Mouse,C57BL/6J WT,59FA205D98D96809C65E30B4F9CFFC91
proestrus/P_c_E0100104_Auto4.png,Sutoh,10X,Giemsa Stain,Mouse,C57BL/6J WT,76A4F7793B0A04E7BCE84B00C9892870
proestrus/P_c_E0100108_Auto4.png,Sutoh,10X,Giemsa Stain,Mouse,C57BL/6J WT,94878603D13E2D51ACD43AEA57857F1A
proestrus/P_c_E0100114_Auto4.png,Sutoh,10X,Giemsa Stain,Mouse,C57BL/6J WT,AFE5B81388DA5E407C90F3E779900ED3
proestrus/P_d_6_e3_Auto2_train.png,Sutoh,10X,Giemsa Stain,Mouse,C57BL/6J WT,E5A7C3D3913734F797FFD9E5857B8140
proestrus/P_d_6a4_Auto2_train.png,Sutoh,10X,Giemsa Stain,Mouse,C57BL/6J WT,FB75A21DD9966BB4D82A5EFBD19EE762
proestrus/P_d_6b1_Auto2_train.png,Sutoh,10X,Giemsa Stain,Mouse,C57BL/6J WT,C3DB5AD6E4F08BA6016D8BED3D31D9AA
proestrus/P_d_6b5_Auto2_train.png,Sutoh,10X,Giemsa Stain,Mouse,C57BL/6J WT,9F7A09213F00DF0586BEA60A78DACB8A
proestrus/P_d_6c5_Auto2_train.png,Sutoh,10X,Giemsa Stain,Mouse,C57BL/6J WT,6CB4ABA1B7BC1142E498EF19BC2F4D3D
proestrus/P_d_6d2_Auto2_train.png,Sutoh,10X,Giemsa Stain,Mouse,C57BL/6J WT,7FD07D52B9AB0B19C212FAA427CC0939
proestrus/P_d_6f4_Auto2_train.png,Sutoh,10X,Giemsa Stain,Mouse,C57BL/6J WT,AF1FCD838C6078B0AB57229242834B6C
proestrus/P_d_6g1_Auto2_train.png,Sutoh,10X,Giemsa Stain,Mouse,C57BL/6J WT,D599D4F93BA38030F7D41FFE18420B18
proestrus/P_d_6k3_Auto2_train.png,Sutoh,10X,Giemsa Stain,Mouse,C57BL/6J WT,5AA9F24782BB571AB58CBA2BAD2C8A8B
proestrus/P_d_6l1_Auto2_train.png,Sutoh,10X,Giemsa Stain,Mouse,C57BL/6J WT,777C1EB94A63F6E5A479B025527BE794
proestrus/P_d_DSL30008_Auto1.png,Sutoh,10X,Giemsa Stain,Mouse,C57BL/6J WT,C9FA925EBE1402EFED7E461CD7F3FF3B
proestrus/P_d_DSL30016_Auto1.png,Sutoh,10X,Giemsa Stain,Mouse,C57BL/6J WT,5B5A13705FB580B9E846ED765829AD1F
proestrus/P_d_DSL30048_Auto1.png,Sutoh,10X,Giemsa Stain,Mouse,C57BL/6J WT,189A447A9205FF3D736DBF9C41624705
proestrus/P_d_DSL30065_Auto1.png,Sutoh,10X,Giemsa Stain,Mouse,C57BL/6J WT,DCEFDE9C2B4D18D9D41B3E25B8153594
proestrus/P_d_DSL30069_Auto1.png,Sutoh,10X,Giemsa Stain,Mouse,C57BL/6J WT,8B6E1023750E0823117454FB5352C1A5
proestrus/P_d_E0030161_Auto3_train.png,Sutoh,10X,Giemsa Stain,Mouse,C57BL/6J WT,8459DA88FFC964156D252E4CD98440FE
proestrus/P_d_E0030170_Auto3_train.png,Sutoh,10X,Giemsa Stain,Mouse,C57BL/6J WT,745559548925DDF698B0397542836A5A
proestrus/P_d_E0030173_Auto3_train.png,Sutoh,10X,Giemsa Stain,Mouse,C57BL/6J WT,C5F093D0E653AA0EB91842425ED5BDF1
proestrus/P_d_E0030181_Auto3_train.png,Sutoh,10X,Giemsa Stain,Mouse,C57BL/6J WT,E869F008E6E551B076ADD137D99A5AC2
proestrus/P_d_E0030191_Auto3_train.png,Sutoh,10X,Giemsa Stain,Mouse,C57BL/6J WT,E09CD693370ACBBD8AD20C50444C0584
proestrus/P_d_E0030220_Auto3_train.png,Sutoh,10X,Giemsa Stain,Mouse,C57BL/6J WT,16DB9A28902FD2B030ACD1D829CA04FA
proestrus/P_d_E0030245_Auto3_train.png,Sutoh,10X,Giemsa Stain,Mouse,C57BL/6J WT,AC6956655117F8220FD17DBB341494A6
proestrus/P_d_E0030254_Auto3_train.png,Sutoh,10X,Giemsa Stain,Mouse,C57BL/6J WT,4638192CCDEB92F81C035E19956ED3BE
proestrus/P_d_E0030263_Auto3_train.png,Sutoh,10X,Giemsa Stain,Mouse,C57BL/6J WT,A8E6878998615426D492652F5CC6A52F
proestrus/P_d_E0030269_Auto3_train.png,Sutoh,10X,Giemsa Stain,Mouse,C57BL/6J WT,ABC20C2F6B75C5CBC600B521845ADFA5
proestrus/P_d_E0030275_Auto3_train.png,Sutoh,10X,Giemsa Stain,Mouse,C57BL/6J WT,C8D70BB87F0090C85600DFFDE63DEF51
proestrus/P_d_E0100122_Auto4.png,Sutoh,10X,Giemsa Stain,Mouse,C57BL/6J WT,166C7196A38EC3AFA51039546176D0F0
proestrus/P_d_E0100128_Auto4.png,Sutoh,10X,Giemsa Stain,Mouse,C57BL/6J WT,7B6AF22A1C45503ACB383605231D1AFD
proestrus/P_d_E0110011_Auto4.png,Sutoh,10X,Giemsa Stain,Mouse,C57BL/6J WT,26EF7A7A016158B6CF11BE1500EFCC5E
proestrus/P_d_E0110016_Auto4.png,Sutoh,10X,Giemsa Stain,Mouse,C57BL/6J WT,4B616E55AC66A2DE13C974D1AF8E764C
proestrus/P_d_E0110025_Auto4.png,Sutoh,10X,Giemsa Stain,Mouse,C57BL/6J WT,7F7EF0A2F454B0AF1254E2B2BB7812FC
proestrus/P_d_E0110041_Auto4.png,Sutoh,10X,Giemsa Stain,Mouse,C57BL/6J WT,18E7C7259601683085BB9C97797BCF4E
proestrus/P_d_E0110047_Auto4.png,Sutoh,10X,Giemsa Stain,Mouse,C57BL/6J WT,59AFA7EBC73BB74ED75F7FCE749244E7
proestrus/P_d_E0110053_Auto4.png,Sutoh,10X,Giemsa Stain,Mouse,C57BL/6J WT,80C209A81DA909607D56D96629C688F1
proestrus/P_d_E0110059_Auto4.png,Sutoh,10X,Giemsa Stain,Mouse,C57BL/6J WT,ACF40B1EC18948118BCB6D121CF56E4A
proestrus/P_d_E0110061_Auto4.png,Sutoh,10X,Giemsa Stain,Mouse,C57BL/6J WT,52990ED667A5608755D09F09699B2C3D
proestrus/P_d_E0110073_Auto4.png,Sutoh,10X,Giemsa Stain,Mouse,C57BL/6J WT,782373B4573E347C07B60FD54E48AF96
proestrus/P_e_5_e3_Auto2_train.png,Sutoh,10X,Giemsa Stain,Mouse,C57BL/6J WT,16F2830804DA02F2EECBA172F14D111A
proestrus/P_e_5i5_Auto2_train.png,Sutoh,10X,Giemsa Stain,Mouse,C57BL/6J WT,E72BE79BD0A317EB3BC57E5C35CA092A
proestrus/P_e_5j1_Auto2_train.png,Sutoh,10X,Giemsa Stain,Mouse,C57BL/6J WT,08DD6966DA17596664F8182A81A11511
proestrus/P_e_DSL30006_Auto1.png,Sutoh,10X,Giemsa Stain,Mouse,C57BL/6J WT,8942E5F8B8275C3E967A1B441BBAD89B
proestrus/P_e_DSL30034_Auto1.png,Sutoh,10X,Giemsa Stain,Mouse,C57BL/6J WT,DFFDA4A80CEDFDDF51193CD2642B73E9
proestrus/P_e_DSL30079_Auto1.png,Sutoh,10X,Giemsa Stain,Mouse,C57BL/6J WT,B50FE582C7FCC02C88C1A8B3E047019E
proestrus/P_e_DSL30105_Auto1.png,Sutoh,10X,Giemsa Stain,Mouse,C57BL/6J WT,073835FE60209B115BF3EEFD353603F7
proestrus/P_e_DSL30110_Auto1.png,Sutoh,10X,Giemsa Stain,Mouse,C57BL/6J WT,2FBF8891A713DBE94BC56E8ACE669872
proestrus/P_e_DSL30114_Auto1.png,Sutoh,10X,Giemsa Stain,Mouse,C57BL/6J WT,2326239F992880787336BC12487EA0F5
proestrus/P_e_DSL30115_Auto1.png,Sutoh,10X,Giemsa Stain,Mouse,C57BL/6J WT,283EB9512DB68D73D0027531C9339200
proestrus/P_e_DSL30120_Auto1.png,Sutoh,10X,Giemsa Stain,Mouse,C57BL/6J WT,0DCE23CE2F35863BDCB4CD4EB2C4D5F2
proestrus/P_e_E0030281_Auto3_train.png,Sutoh,10X,Giemsa Stain,Mouse,C57BL/6J WT,B254F056654385CA9ACAB1D6E8F427F4
proestrus/P_e_E0030288_Auto3_train.png,Sutoh,10X,Giemsa Stain,Mouse,C57BL/6J WT,1CEE338D0366F6FB8789B15F952A9A4A
proestrus/P_e_E0030294_Auto3_train.png,Sutoh,10X,Giemsa Stain,Mouse,C57BL/6J WT,2AF2E9D4F8730501DE0814B211FD30C9
proestrus/P_e_E0030299_Auto3_train.png,Sutoh,10X,Giemsa Stain,Mouse,C57BL/6J WT,6AA3B16BA920506430E015E37168FE58
proestrus/P_e_E0030308_Auto3_train.png,Sutoh,10X,Giemsa Stain,Mouse,C57BL/6J WT,870EAEC6F5401D3FD60BA9129959DB1A
proestrus/P_e_E0030312_Auto3_train.png,Sutoh,10X,Giemsa Stain,Mouse,C57BL/6J WT,BA0FF962E0CCA956F5217B359D060206
proestrus/P_e_E0040006_Auto3_train.png,Sutoh,10X,Giemsa Stain,Mouse,C57BL/6J WT,C6C5D2B4A20AF46282674164034FF9C2
proestrus/P_e_E0040012_Auto3_train.png,Sutoh,10X,Giemsa Stain,Mouse,C57BL/6J WT,C06658445D4736B07609180CE9502F54
proestrus/P_e_E0040021_Auto3_train.png,Sutoh,10X,Giemsa Stain,Mouse,C57BL/6J WT,72BC8CE3E7B71957820085F50A893DE2
proestrus/P_e_E0040028_Auto3_train.png,Sutoh,10X,Giemsa Stain,Mouse,C57BL/6J WT,3C155563FB043C091C629BB711E8BD3A
proestrus/P_e_E0040039_Auto3_train.png,Sutoh,10X,Giemsa Stain,Mouse,C57BL/6J WT,440FADC2B328EF0D9F5D484AF2A72852
proestrus/P_e_E0040044_Auto3_train.png,Sutoh,10X,Giemsa Stain,Mouse,C57BL/6J WT,2C991DC52BF49DDDC783BE7B3018340E
proestrus/P_e_E0040049_Auto3_train.png,Sutoh,10X,Giemsa Stain,Mouse,C57BL/6J WT,2A30E4C2D41B87C52AD9DDA96DA03109
proestrus/P_e_E0040055_Auto3_train.png,Sutoh,10X,Giemsa Stain,Mouse,C57BL/6J WT,9567B9CB204214F47A4C38BAA87E0100
proestrus/P_e_E0040061_Auto3_train.png,Sutoh,10X,Giemsa Stain,Mouse,C57BL/6J WT,79DE1D770C4C400458C6C400FE66BEFF
proestrus/P_e_E0040069_Auto3_train.png,Sutoh,10X,Giemsa Stain,Mouse,C57BL/6J WT,2D35BF1B099CBAE97558A91EFED3830E
proestrus/P_e_E0040074_Auto3_train.png,Sutoh,10X,Giemsa Stain,Mouse,C57BL/6J WT,C66EA0ACF9D37251F24B2A6AC500D4BD
proestrus/P_e_E0040079_Auto3_train.png,Sutoh,10X,Giemsa Stain,Mouse,C57BL/6J WT,2EDD386D5267DF76006FACA720F1CD53
proestrus/P_e_E0110128_Auto4.png,Sutoh,10X,Giemsa Stain,Mouse,C57BL/6J WT,209A918FF06CEC1E513977D034C01BD8
proestrus/P_e_E0110133_Auto4.png,Sutoh,10X,Giemsa Stain,Mouse,C57BL/6J WT,BD1C4238A8BE0401D93AD65AC0283533
proestrus/P_e_E0110148_Auto4.png,Sutoh,10X,Giemsa Stain,Mouse,C57BL/6J WT,CA3B1BD556885A3BE33EE2ADB7F91912
proestrus/P_e_E0110154_Auto4.png,Sutoh,10X,Giemsa Stain,Mouse,C57BL/6J WT,0AD4DF3F72FC262F3BEB2D75D0C497D8
proestrus/P_e_E0110159_Auto4.png,Sutoh,10X,Giemsa Stain,Mouse,C57BL/6J WT,2091E3F1AB450119A04DEE975622F550
proestrus/P_e_E0110179_Auto4.png,Sutoh,10X,Giemsa Stain,Mouse,C57BL/6J WT,47921708A406B3CDA4839BB2B2C1712A
proestrus/P_e_E0110184_Auto4.png,Sutoh,10X,Giemsa Stain,Mouse,C57BL/6J WT,130CCECB30160862C34873A9E2C26946
proestrus/P_e_E0110189_Auto4.png,Sutoh,10X,Giemsa Stain,Mouse,C57BL/6J WT,3B5FE9A253D80886150E2E18217D025F
proestrus/P_e_E0110196_Auto4.png,Sutoh,10X,Giemsa Stain,Mouse,C57BL/6J WT,4BAEED667FF37335FC3D83088D852D02
proestrus/P_e_E0110224_Auto4.png,Sutoh,10X,Giemsa Stain,Mouse,C57BL/6J WT,08A82E68EA1C03F7AA0A59301F52FB82
proestrus/P_e_E0110229_Auto4.png,Sutoh,10X,Giemsa Stain,Mouse,C57BL/6J WT,B5814B1F862D0013266A444FFEBA06C2
proestrus/P_e_E0110233_Auto4.png,Sutoh,10X,Giemsa Stain,Mouse,C57BL/6J WT,4B0B1AA5B52D578F2775AB1B72924E74
proestrus/P_f_14n1_Auto2_train.png,Sutoh,10X,Giemsa Stain,Mouse,C57BL/6J WT,12285D19849B9D3CA6A334A76AC1E780
proestrus/P_f_14o3_Auto2_train.png,Sutoh,10X,Giemsa Stain,Mouse,C57BL/6J WT,DBF3A888FA74A5FD1F6682B796D6CB62
proestrus/P_f_14p1_Auto2_train.png,Sutoh,10X,Giemsa Stain,Mouse,C57BL/6J WT,A5AD203A47F384C625AAE37F0ED3B097
proestrus/P_f_14v3_Auto2_train.png,Sutoh,10X,Giemsa Stain,Mouse,C57BL/6J WT,D89DF7222949B33825FE9670DEA8EF28
proestrus/P_f_14w0_Auto2_train.png,Sutoh,10X,Giemsa Stain,Mouse,C57BL/6J WT,0EE83C1B3857B7031BAC09B941ACF212
proestrus/P_f_DSL30004_Auto1.png,Sutoh,10X,Giemsa Stain,Mouse,C57BL/6J WT,B442CF47C73E57CBF136D137AEE0FB12
proestrus/P_f_DSL30036_Auto1.png,Sutoh,10X,Giemsa Stain,Mouse,C57BL/6J WT,8B4957D153BDA3FD188FAE1374CC894D
proestrus/P_f_DSL30066_Auto1.png,Sutoh,10X,Giemsa Stain,Mouse,C57BL/6J WT,8E959304CCE5AEE3519B15727A1CA458
proestrus/P_f_DSL30082_Auto1.png,Sutoh,10X,Giemsa Stain,Mouse,C57BL/6J WT,AED619C27D221BB7D89F2CB2CC3FE56C
proestrus/P_f_DSL30088_Auto1.png,Sutoh,10X,Giemsa Stain,Mouse,C57BL/6J WT,CC0AD6CC88A057F654CAC6D0EEDA3917
proestrus/P_f_DSL30095_Auto1.png,Sutoh,10X,Giemsa Stain,Mouse,C57BL/6J WT,844C5D503BCFC5DA62618352C4BA5180
proestrus/P_f_DSL30101_Auto1.png,Sutoh,10X,Giemsa Stain,Mouse,C57BL/6J WT,C4A4248B036AB1E67E78C9C3A5A80B07
proestrus/P_f_DSL30107_Auto1.png,Sutoh,10X,Giemsa Stain,Mouse,C57BL/6J WT,BD82B2F8F2E46890100032ECF58EC863
proestrus/P_f_DSL30113_Auto1.png,Sutoh,10X,Giemsa Stain,Mouse,C57BL/6J WT,E69421CC6DBCA3A21CE26BE09CE2CD9A
proestrus/P_f_DSL30114_Auto1.png,Sutoh,10X,Giemsa Stain,Mouse,C57BL/6J WT,E406A3D7CA5C354E0E808EEEAEF31E94
proestrus/P_f_E0040084_Auto3_train.png,Sutoh,10X,Giemsa Stain,Mouse,C57BL/6J WT,FB543136867F7C1AECE9E898C9E6AFA1
proestrus/P_f_E0040109_Auto3_train.png,Sutoh,10X,Giemsa Stain,Mouse,C57BL/6J WT,8B67BC7C1BDE6645517744596D052648
proestrus/P_f_E0040114_Auto3_train.png,Sutoh,10X,Giemsa Stain,Mouse,C57BL/6J WT,4C25BD2D98F613798A748A534C0A414B
proestrus/P_f_E0040132_Auto3_train.png,Sutoh,10X,Giemsa Stain,Mouse,C57BL/6J WT,D903F864315020454817F0FF35E00C91
proestrus/P_f_E0040142_Auto3_train.png,Sutoh,10X,Giemsa Stain,Mouse,C57BL/6J WT,34E76C1F361C20953473E9A55F9A54D6
proestrus/P_f_E0040144_Auto3_train.png,Sutoh,10X,Giemsa Stain,Mouse,C57BL/6J WT,3939017AE72526072EF90A605B4E0FD1
proestrus/P_f_E0040151_Auto3_train.png,Sutoh,10X,Giemsa Stain,Mouse,C57BL/6J WT,EDCC875D72225D756B261D2BEAB1B76D
proestrus/P_f_E0040158_Auto3_train.png,Sutoh,10X,Giemsa Stain,Mouse,C57BL/6J WT,EA9415D7E96CADEDF670DE3F114F0A66
proestrus/P_f_E0040163_Auto3_train.png,Sutoh,10X,Giemsa Stain,Mouse,C57BL/6J WT,BB3AF08D2E9A4F949D034A29B63634F8
proestrus/P_f_E0040170_Auto3_train.png,Sutoh,10X,Giemsa Stain,Mouse,C57BL/6J WT,ACD80C848DBFA7FF56275153655C5676
proestrus/P_f_E0040178_Auto3_train.png,Sutoh,10X,Giemsa Stain,Mouse,C57BL/6J WT,5F515FEE74CACDD9221097F4716CC182
proestrus/P_f_E0040182_Auto3_train.png,Sutoh,10X,Giemsa Stain,Mouse,C57BL/6J WT,534B1825ED73205DBE20D8046651C7EB
proestrus/P_f_E0040189_Auto3_train.png,Sutoh,10X,Giemsa Stain,Mouse,C57BL/6J WT,48ED9F6F2A0642F4CBF1FAAB553C9155
proestrus/P_f_E0040193_Auto3_train.png,Sutoh,10X,Giemsa Stain,Mouse,C57BL/6J WT,F0A7235E2626A63744D922E55F9E2D29
proestrus/P_f_E0040201_Auto3_train.png,Sutoh,10X,Giemsa Stain,Mouse,C57BL/6J WT,4029AC62E74EA66C879F2F96B46412E8
proestrus/P_f_E0110036_Auto4.png,Sutoh,10X,Giemsa Stain,Mouse,C57BL/6J WT,4D83EE37A38A7436543E6FA8DAA57A9B
proestrus/P_f_E0110052_Auto4.png,Sutoh,10X,Giemsa Stain,Mouse,C57BL/6J WT,89DD23B8A14AD8E0C16EB949C46A5703
proestrus/P_f_E0110059_Auto4.png,Sutoh,10X,Giemsa Stain,Mouse,C57BL/6J WT,B52EF5852962D9FEB898AA401576B339
proestrus/P_f_E0110066_Auto4.png,Sutoh,10X,Giemsa Stain,Mouse,C57BL/6J WT,4DE458ADEE57795F70C049C1D5881DFA
proestrus/P_f_E0110081_Auto4.png,Sutoh,10X,Giemsa Stain,Mouse,C57BL/6J WT,255C638028DA693A885F5E56D4F3BC87
proestrus/P_f_E0110087_Auto4.png,Sutoh,10X,Giemsa Stain,Mouse,C57BL/6J WT,5645ED70C116EE18F572F7A8C4ED762D
proestrus/P_f_E0110102_Auto4.png,Sutoh,10X,Giemsa Stain,Mouse,C57BL/6J WT,A9B1AAF6EEFCAC09DA2A294B11040A4B
proestrus/P_f_E0110105_Auto4.png,Sutoh,10X,Giemsa Stain,Mouse,C57BL/6J WT,56B2C59889F7EF6A6E1F6E68E394DD4A
proestrus/P_f_E0110118_Auto4.png,Sutoh,10X,Giemsa Stain,Mouse,C57BL/6J WT,B47409CB74B3FAE5F1304BFDD1C77759
proestrus/P_f_E0110126_Auto4.png,Sutoh,10X,Giemsa Stain,Mouse,C57BL/6J WT,04545FA87897DAD02A60735C1B86D960
proestrus/P_f_E0110132_Auto4.png,Sutoh,10X,Giemsa Stain,Mouse,C57BL/6J WT,07947DDDA800A3F16714138B3FC2BC17
proestrus/P_f_E0110137_Auto4.png,Sutoh,10X,Giemsa Stain,Mouse,C57BL/6J WT,0DE13AEF4F548513DD00E4CC23336AAA
proestrus/P_f_E0110144_Auto4.png,Sutoh,10X,Giemsa Stain,Mouse,C57BL/6J WT,B49CDED17CEF589D74C5BC4917A6403B
proestrus/P_f_E0110149_Auto4.png,Sutoh,10X,Giemsa Stain,Mouse,C57BL/6J WT,71E05979465D2C005E244586258E953B
proestrus/P_f_E0110155_Auto4.png,Sutoh,10X,Giemsa Stain,Mouse,C57BL/6J WT,77B9A370E3BDD42C58A8C46A4C1D4808
proestrus/P_f_E0110163_Auto4.png,Sutoh,10X,Giemsa Stain,Mouse,C57BL/6J WT,C0DE55069D6B40028D07C968E4AEFCE8
proestrus/P_f_E0110170_Auto4.png,Sutoh,10X,Giemsa Stain,Mouse,C57BL/6J WT,805C32DC66EE359CEE2463FD8034C1A9
proestrus/P_f_E0110174_Auto4.png,Sutoh,10X,Giemsa Stain,Mouse,C57BL/6J WT,F75A9AE4451EDAB91655510264432E06
proestrus/P_g_170612-_9wkOVX_13_1_Auto2_train.png,Sutoh,10X,Giemsa Stain,Mouse,C57BL/6J WT,0C5C6359CC9CE6AB741E05F9EF56AF73
proestrus/P_g_170612-_9wkOVX_19_3_Auto2_train.png,Sutoh,10X,Giemsa Stain,Mouse,C57BL/6J WT,747E15010DFB3B71A1D894A24C26DC44
proestrus/P_g_170612-_9wkOVX_1_1_Auto2_train.png,Sutoh,10X,Giemsa Stain,Mouse,C57BL/6J WT,53ECB91C5154CDD18F2CA63E8601919F
proestrus/P_g_170612-_9wkOVX_3_1_Auto2_train.png,Sutoh,10X,Giemsa Stain,Mouse,C57BL/6J WT,EABA1B07DEE135D95B3A02D5860DF45C
proestrus/P_g_E0050091_Auto3_train.png,Sutoh,10X,Giemsa Stain,Mouse,C57BL/6J WT,11F76CD8A87AC4A54D4DF6947E7853DE
proestrus/P_g_E0050099_Auto3_train.png,Sutoh,10X,Giemsa Stain,Mouse,C57BL/6J WT,C720F4DA047E1225B64478BBC42ACC23
proestrus/P_g_E0120017_Auto4.png,Sutoh,10X,Giemsa Stain,Mouse,C57BL/6J WT,83AA1BB56853E83DEA668419A3892FF5
proestrus/P_g_E0120038_Auto4.png,Sutoh,10X,Giemsa Stain,Mouse,C57BL/6J WT,F1B944B593D71C54E92357D35C4A0F1D
proestrus/P_g_E0120053_Auto4.png,Sutoh,10X,Giemsa Stain,Mouse,C57BL/6J WT,4CA20723076D412FF6D10224CBB22219
proestrus/P_h_170630-6vs15 c-fos_15f10_3_Auto2_train.png,Sutoh,10X,Giemsa Stain,Mouse,C57BL/6J WT,61BA7F727A2536711AB23168990CF9F4
proestrus/P_h_170630-6vs15 c-fos_15f12_3_Auto2_train.png,Sutoh,10X,Giemsa Stain,Mouse,C57BL/6J WT,D40BDB657ACC9E7284DFDC68FE94FCBE
proestrus/P_h_170630-6vs15 c-fos_15f1_3_Auto2_train.png,Sutoh,10X,Giemsa Stain,Mouse,C57BL/6J WT,59B070F6405ADACC7E02E8A9862C581B
proestrus/P_h_170630-6vs15 c-fos_15f3_4_Auto2_train.png,Sutoh,10X,Giemsa Stain,Mouse,C57BL/6J WT,5D8E94D890B078E321334FE7A264BE62
proestrus/P_h_170630-6vs15 c-fos_15f7_3_Auto2_train.png,Sutoh,10X,Giemsa Stain,Mouse,C57BL/6J WT,79E36B2870CDDD4C6FDDC21EB75374B3
proestrus/P_h_170630-6vs15 c-fos_6f12_4_Auto2_train.png,Sutoh,10X,Giemsa Stain,Mouse,C57BL/6J WT,611914935B786D2B530782EC1962121E
proestrus/P_h_170630-6vs15 c-fos_6f8_4_Auto2_train.png,Sutoh,10X,Giemsa Stain,Mouse,C57BL/6J WT,15167E71AC9BCC6939183B9AB111E3EB
proestrus/P_h_E0050165_Auto3_train.png,Sutoh,10X,Giemsa Stain,Mouse,C57BL/6J WT,29A1B088BFA4AE031F3E69B5DC816030
proestrus/P_h_E0050175_Auto3_train.png,Sutoh,10X,Giemsa Stain,Mouse,C57BL/6J WT,D749393339E5914BC134E4149FF4ADBD
proestrus/P_h_E0050181_Auto3_train.png,Sutoh,10X,Giemsa Stain,Mouse,C57BL/6J WT,70E6246AA487642A090C8DFF9ECB9948
proestrus/P_h_E0050186_Auto3_train.png,Sutoh,10X,Giemsa Stain,Mouse,C57BL/6J WT,58B54CA9B5A351BFB69C4F0D7229C8C7
proestrus/P_h_E0060005_Auto3_train.png,Sutoh,10X,Giemsa Stain,Mouse,C57BL/6J WT,997F1986CDF57DDBCD02E23347159CD4
proestrus/P_h_E0060011_Auto3_train.png,Sutoh,10X,Giemsa Stain,Mouse,C57BL/6J WT,93F958D18296F0286A977F1639C0382E
proestrus/P_h_E0060020_Auto3_train.png,Sutoh,10X,Giemsa Stain,Mouse,C57BL/6J WT,70030AB7B34867D9B23C13F952330C53
proestrus/P_h_E0060034_Auto3_train.png,Sutoh,10X,Giemsa Stain,Mouse,C57BL/6J WT,C293EAA1C42FF9849B9700709B47C9E9
proestrus/P_h_E0060044_Auto3_train.png,Sutoh,10X,Giemsa Stain,Mouse,C57BL/6J WT,D473E0148C039C7210FC6F6856099804
proestrus/P_h_E0060045_Auto3_train.png,Sutoh,10X,Giemsa Stain,Mouse,C57BL/6J WT,069FFF16D2F1AD052B700EF59DC78385
proestrus/P_h_E0060049_Auto3_train.png,Sutoh,10X,Giemsa Stain,Mouse,C57BL/6J WT,C2A9B2E2FF74275BBFAE14811DB0B1D6
proestrus/P_h_E0060056_Auto3_train.png,Sutoh,10X,Giemsa Stain,Mouse,C57BL/6J WT,955D2D8711965DCD4847FB029699F905
proestrus/P_i_170829-0902_Sham2_2_Auto2_train.png,Sutoh,10X,Giemsa Stain,Mouse,C57BL/6J WT,E33EEACE5B61D896917A47E7A3459160
proestrus/P_i_E0060194_Auto3_train.png,Sutoh,10X,Giemsa Stain,Mouse,C57BL/6J WT,A0DBEAF8F91719C9060B7EB116186ED5
proestrus/P_i_E0060205_Auto3_train.png,Sutoh,10X,Giemsa Stain,Mouse,C57BL/6J WT,90E6E6A68A0240A8C541E3A4697FDA36
proestrus/P_i_E0060215_Auto3_train.png,Sutoh,10X,Giemsa Stain,Mouse,C57BL/6J WT,89682C04B55CC516BDD77F69550E9F4E
proestrus/P_j_E0070002_Auto3_train.png,Sutoh,10X,Giemsa Stain,Mouse,C57BL/6J WT,DC861EC9D37DA18FAF5281A35ECC8C0D
proestrus/P_j_E0070006_Auto3_train.png,Sutoh,10X,Giemsa Stain,Mouse,C57BL/6J WT,CC2B39DC54543BDCC310FC4FFE0979AA
proestrus/P_j_E0070010_Auto3_train.png,Sutoh,10X,Giemsa Stain,Mouse,C57BL/6J WT,E4CFD37ABDDE5185781682DA46DB0F31
proestrus/P_j_E0070022_Auto3_train.png,Sutoh,10X,Giemsa Stain,Mouse,C57BL/6J WT,BBE566AC8A602C8A6139D5A4905D5FBE
proestrus/P_j_E0070035_Auto3_train.png,Sutoh,10X,Giemsa Stain,Mouse,C57BL/6J WT,0325928CEB67782CB54370F00260A3AD
proestrus/P_j_E0070039_Auto3_train.png,Sutoh,10X,Giemsa Stain,Mouse,C57BL/6J WT,192BB441D8D622ACDBEF8C60E7C7E845
proestrus/P_j_E0070045_Auto3_train.png,Sutoh,10X,Giemsa Stain,Mouse,C57BL/6J WT,E0A722DE6AD19351DA7B0D78A359AB2D
proestrus/P_j_E0070066_Auto3_train.png,Sutoh,10X,Giemsa Stain,Mouse,C57BL/6J WT,9C3B5B2B7C718018DB08641432C0DD34
proestrus/P_j_E0070095_Auto3_train.png,Sutoh,10X,Giemsa Stain,Mouse,C57BL/6J WT,E5FDECEC52B0F285E5198D2A35FA151F
proestrus/P_j_E0070101_Auto3_train.png,Sutoh,10X,Giemsa Stain,Mouse,C57BL/6J WT,0C8313D130D2B8507772BD831E296841
proestrus/P_j_E0070112_Auto3_train.png,Sutoh,10X,Giemsa Stain,Mouse,C57BL/6J WT,3CB46D736BA51D4B2E1830749EC5A139
proestrus/P_j_E0070118_Auto3_train.png,Sutoh,10X,Giemsa Stain,Mouse,C57BL/6J WT,46EF467ACB51CF8D322CBDB71DC1DC66
proestrus/P_k_E0080059_Auto3_train.png,Sutoh,10X,Giemsa Stain,Mouse,C57BL/6J WT,D5CF8D19E865BD8E07E72A12E3749FC3
proestrus/P_k_E0080070_Auto3_train.png,Sutoh,10X,Giemsa Stain,Mouse,C57BL/6J WT,1BDCFBF6F3ED003869C6AF30F948AD04
proestrus/P_k_E0080133_Auto3_train.png,Sutoh,10X,Giemsa Stain,Mouse,C57BL/6J WT,E2905A18FFADCF9FBD5AFE54AC546A59
proestrus/P_k_E0080139_Auto3_train.png,Sutoh,10X,Giemsa Stain,Mouse,C57BL/6J WT,F0995D4B936774590ADCB19AEDC29F04
